URL,Last crawled
https://tsvweb.com/blog,2025-08-29
https://tsvweb.com/blog/,2025-08-29
https://tsvweb.com/contact,2025-07-30
https://tsvweb.com/Theatre-Jewelry-Musical-Fans-Gift-Mia-Bracelet-1060771,2025-07-28
https://tsvweb.com/Deflector-Chute-For-RZT-LX-XT1-XT2-42-1101257,2025-07-28
https://tsvweb.com/Pro-Foam-lined-Bass-Drum-Case-18-X-916213,2025-07-28
https://tsvweb.com/String-Extension-For-Light-Fixture-Decorative-Nature-Ornament-1087197,2025-07-28
https://tsvweb.com/Serpent-Silicone-Marseillaise-Weight-Belt-639848,2025-07-28
https://tsvweb.com/Hitch-Receiver-Silencer-Pad-3-Pack-Trailer-Hitch-Silencer-For-435645,2025-07-28
https://tsvweb.com/Conditioning-A-C-Condenser-Compatible-With-Ford-Mustang-275090,2025-07-28
https://tsvweb.com/Agility-Training-Equipment-For-Dogs-Obstacle-384851,2025-07-28
https://tsvweb.com/Uxcell-600Pcs-Fold-Over-Cord-Ends-4-5x11mm-Terminators-Crimp-906887,2025-07-28
https://tsvweb.com/Wide-Brim-Panama-Hat-Cap-New-EBay-987839,2025-07-28
https://tsvweb.com/1-1-8-EC34-28-6-EC34-30-Performance-Bicycle-324269,2025-07-28
https://tsvweb.com/Hose-Oil-Cooler-Line-Hose-Oil-Cooler-Line-Assembly-I737206-609629,2025-07-28
https://tsvweb.com/Voltage-Detector-Flashlight-90-1000VAC-VP50-2-From-554996,2025-07-28
https://tsvweb.com/Pontoon-Waterfall-Slide-Inflatable-Water-Boats-Slide-Island-For-475995,2025-07-28
https://tsvweb.com/Luxury-Travel-Bags-Beretta-Gallery-USA-926268,2025-07-28
https://tsvweb.com/Makers-Pancakes-Makers-Crepe-Pans-Reviews-836332,2025-07-28
https://tsvweb.com/JUNO-Nnovatve-Seam-Bndng-Tape-N-8-Two-tone-Colors-20-Etsy-1101350,2025-07-28
https://tsvweb.com/BD5-Stainless-Steel-Nonstick-Fry-Pan-I-716760,2025-07-28
https://tsvweb.com/HL-OH-F1504-CH-AM-Chrome-Amber-Headlights-Replacem-587793,2025-07-28
https://tsvweb.com/John-Deere-LT155-Gas-Fuel-Tank-LT133-LT150-LT160-LT166-LT170-559564,2025-07-28
https://tsvweb.com/Mardi-Gras-Print-Sweatshirt-Mardi-Gras-Retro-Jacket-788082,2025-07-28
https://tsvweb.com/Ritchey-Aerobar-Bicycle-Handlebars-For-Sale-1006394,2025-07-28
https://tsvweb.com/3376-456554-Automatic-Transmission-Torque-Converter-Seal-618624,2025-07-27
https://tsvweb.com/Toyota-90401-10058-BOLT-UNION-1083742,2025-07-27
https://tsvweb.com/Lift-Kit-3-Front-Rear-Bracket-Suspension-Lift-Kit-UTV-Fit-1036748,2025-07-27
https://tsvweb.com/Delta-Tau-Delta-USA-Letter-Fraternity-Flag-3-X-5-Ft-Delts-503894,2025-07-27
https://tsvweb.com/Colored-Handle-Only-For-BLX2-SM58-And-BLX2-BETA58A-Wireless-905836,2025-07-27
https://tsvweb.com/With-Grips-Baby-Girls-Anti-skid-Socks-12-Pairs-3-5-Years-443589,2025-07-27
https://tsvweb.com/Satisure-Wireless-Door-Open-Contact-Sensor-Alarm-851617,2025-07-27
https://tsvweb.com/RedLemon-Farmhouse-6-Drawers-Dresser-For-Bedroom-Wood-939578,2025-07-27
https://tsvweb.com/Gear-Case-For-Honda-Recon-250-TRX250-549137,2025-07-27
https://tsvweb.com/Gear-K46-1A646033520-1A646031570-K46BD-K46AC-John-Deere-418692,2025-07-26
https://tsvweb.com/JOYIN-Halloween-Circus-Carnival-Trunk-Or-Treat-Car-Decorations-1035995,2025-07-24
https://tsvweb.com/Classic-Army-Skirmish-ECS-KM12-M4-Carbine-AEG-Airsoft-Rifle-1053848,2025-07-24
https://tsvweb.com/ADVANTAGE-FOR-CATS-RABBITS-PetEssentials-417260,2025-07-24
https://tsvweb.com/2-Intake-Manifold-Gasket-Set-MS96440-2-MS964402-353221,2025-07-23
https://tsvweb.com/Monitoring-Relay-Current-Voltage-Monitoring-Relay-Phase-Sequence-982381,2025-07-23
https://tsvweb.com/Necklace-For-Wo-Fake-Review-954549,2025-07-23
https://tsvweb.com/CUMMINS-5-9L-12-Valve-Mechanical-Injector-1989-1993-Diesel-477944,2025-07-23
https://tsvweb.com/Gauge-1-3-4-L-Cleat-1010408,2025-07-23
https://tsvweb.com/Pole-Sockets-White-Closet-Rod-Holders-Armenia-504016,2025-07-22
https://tsvweb.com/Hook-Shovel-Scoop-Leaves-Dirt-Remove-Home-Cleaner-Gutters-548609,2025-07-20
https://tsvweb.com/Z11-Flat-Bill-SnapBack-Hat-BRAND-NEW-WITH-TAGS-940509,2025-07-19
https://tsvweb.com/FourTrax-300-TRX300-FW-2x4-4x4-Complete-Seat-1988-2000-653916,2025-07-19
https://tsvweb.com/Upgraded-Version-Detachable-Sissy-Bar-Passenger-Rear-Backrest-695476,2025-07-19
https://tsvweb.com/reviews/product/617333,2025-07-19
https://tsvweb.com/Server-Plate-Rest-W-Mounting-Kit-1078047,2025-07-17
https://tsvweb.com/Chevy-Express-Van-Wheel-Skin-Covers-Chrome-Set-Of-671587,2025-07-16
https://tsvweb.com/Girls-Vintage-Washed-Hat-Adjustable-Funny-Dad-Hat-For-Toddler-400921,2025-07-16
https://tsvweb.com/VPZMT-1-Lowering-Kit-Fits-For-2008-2023-Harley-Touring-Street-266080,2025-07-16
https://tsvweb.com/cp/7689165,2025-07-16
https://tsvweb.com/Qnbes-Wear-Ring-155-5mm-Fit-For-Sea-Doo-4-Tec-GTX-GTI-GTS-RXP-SE-976033,2025-07-16
https://tsvweb.com/Giantex-6-39-x2-39-Tri-Fold-Gymnastics-Mat-With-Carry-Handles-368436,2025-07-16
https://tsvweb.com/Satin-Dog-Collar-Dog-Collars-PetSmart-544181,2025-07-16
https://tsvweb.com/QMK-Custom-Mechanical-Keyboard-ISO-Layout-Collection-340096,2025-07-16
https://tsvweb.com/Plug-Cdi-Box-Voltage-Regulator-Rectifier-Stator-Kit-For-919741,2025-07-16
https://tsvweb.com/Anglekai-Insulated-Boot-Cover-Warmth-Boot-Covers-For-906666,2025-07-15
https://tsvweb.com/Dayco-70443-Radiator-Coolant-Hose-Upper-321174,2025-07-15
https://tsvweb.com/Cup-Removal-Installation-Tool-For-Ubuy-1013224,2025-07-15
https://tsvweb.com/Silicone-Straw-Cover-Fits-For-Stanley-30-40-Oz-Tumbler-Themed-1083739,2025-07-15
https://tsvweb.com/Vocal-Microphone-8-0S-Metal-Handheld-Corded-1034140,2025-07-15
https://tsvweb.com/Sleeve-Oil-Pump-Mahle-Clevite-Michigan-767720,2025-07-15
https://tsvweb.com/Charcuterie-Topper-Charcuterie-Board-Topper-1154084,2025-07-15
https://tsvweb.com/Adjustable-Settings-SUS420-Burr-Hand-Crank-Grinder-638245,2025-07-15
https://tsvweb.com/Vero-Tactical-2-Point-Sling-Tactical-Black-Vero-Vellini-Gun-522996,2025-07-15
https://tsvweb.com/help,2025-07-15
https://tsvweb.com/cp/gifts-registry/1094765,2025-07-15
https://tsvweb.com/Patrick-s-Day-Gold-Coins-120-Pieces-Shamrock-Plastic-Lucky-984795,2025-07-15
https://tsvweb.com/Car-Seat-Recliner-Handle-Lever-Left-Driver-Right-Passenger-Side-976428,2025-07-15
"https://tsvweb.com/news/tips-jackpot-ways2-pengganda.html?utm_source=Glassdoor 
&utm_campaign=Glassdoor comments&utm_medium=fishbowl",2025-07-15
https://tsvweb.com/store/directory,2025-07-15
https://tsvweb.com/Bauch-Bauch-bungs-Trainer-Core-Workout-Equipment-Pilates-Boa-1186844,2025-07-15
https://tsvweb.com/Telescope-300x-Magnification-For-Beginners-Kids-INDIA-489977,2025-07-15
https://tsvweb.com/With-Roof-Cover-4-5-Weather-463512,2025-07-15
https://tsvweb.com/Skinner-tuna-Fish-Peeler-tilapia-Squid-Skin-Peeling-Machine-1073554,2025-07-15
https://tsvweb.com/reviews/product/1155150,2025-07-15
https://tsvweb.com/reviews/product/1051129,2025-07-15
https://tsvweb.com/Condenser-Microphone-For-Sennheise-Wireless-Bo-330525,2025-07-15
https://tsvweb.com/Vision-Monocular-In-Singapore-327129,2025-07-15
https://tsvweb.com/Power-Distribution-Block-With-2-Screws-For-Auto-Car-Boat-Marine-900233,2025-07-15
https://tsvweb.com/Pacer-Stainless-Steel-Hammer-Sports-Unlimited-725936,2025-07-15
https://tsvweb.com/Dispenser-3-Tanks-18-L-Barbados-280617,2025-07-15
https://tsvweb.com/Fabric-Replacements-Fabric-Only-Water-Resistant-536731,2025-07-15
https://tsvweb.com/Reusable-Oyster-Shell-Grill-Bbq-Cangkang-Tiram-Import-Diskon-23-545728,2025-07-15
https://tsvweb.com/Signal-Switch-Compatible-With-2008-2017-Jeep-Patriot-Fits-1044684,2025-07-15
https://tsvweb.com/Reproduction-Condenser-Honda-CA160-CB160-CL160-CA175-CB175-1163591,2025-07-15
https://tsvweb.com/280-Grit-Sanding-Sticks-Double-End-5-5-X-0-2-Inch-395088,2025-07-15
https://tsvweb.com/Stainless-Steel-Divided-T3-Turbo-Turbocharger-Inlet-Gasket-846561,2025-07-15
https://tsvweb.com/Technica-Replacement-Stylus-ATN95E-For-AT95E-MM-Cartridge-Genuine-1173851,2025-07-15
https://tsvweb.com/Vintage-Telephone-Decor-On-Window-Frame-PNG-Online-Creative-1144577,2025-07-15
https://tsvweb.com/CCM-S100P-Ice-Hockey-Practice-Sock-583775,2025-07-15
https://tsvweb.com/2024-Upgraded-Intake-Manifold-Vacuum-T-Fitting-3-8-NPT-1085430,2025-07-15
https://tsvweb.com/PERFEX-Industries-2-Inch-ATV-Suspension-Lift-Kit-fits-317278,2025-07-15
https://tsvweb.com/global/localfinds,2025-07-15
https://tsvweb.com/shop/all-fathers-day,2025-07-15
https://tsvweb.com/all-departments,2025-07-15
https://tsvweb.com/Lathe-Tooling-Carbide-Tip-Tipped-Cutter-Tool-Bit-Cutting-651997,2025-07-15
https://tsvweb.com/11-X-17-Canary-Yellow-Pastel-Color-Paper-Great-For-Arts-And-1080012,2025-07-15
https://tsvweb.com/Cork-Bark-Round-For-Terrariums-371679,2025-07-15
https://tsvweb.com/DC-Framed-Photo-Collage-11-By-14-Inch-485663,2025-07-15
https://tsvweb.com/news/,2025-07-15
https://tsvweb.com/Bearings-For-1-Axles-2000-2007-Harley-Electra-712337,2025-07-15
https://tsvweb.com/Vevor-Hydraulic-Lift-Table-Cart-1100-Lbs-Manual-Single-Scissor-966474,2025-07-15
https://tsvweb.com/Atlantis-Sand-Fantastic-Sand-Never-Gets-Wet-Amazing-Hydrophobic-526237,2025-07-15
https://tsvweb.com/For-Night-Riding-9000-Lumens-Bright-Bicycle-625878,2025-07-15
https://tsvweb.com/WoodenEdu-Wooden-Mini-Camera-Toy-For-Toddlers-1-2-3-Years-Old-1087669,2025-07-15
https://tsvweb.com/Hot-Glue-Sticks-Hot-Melt-Adhesive-Glue-Sticks-Mini-Size-0-544418,2025-07-15
https://tsvweb.com/Male-Spade-Blade-Connector-Brass-Non-Insulated-135-Degree-Angle-1041433,2025-07-15
https://tsvweb.com/Power-Window-Regulator-And-Motor-Assembly-For-773060,2025-07-15
https://tsvweb.com/Electric-110v-Propane-Chest-Freezer-997149,2025-07-15
https://tsvweb.com/X-8-2-Rabbit-Cage-Urine-Guard-Clear-Cage-Edge-Liner-Guinea-Pig-669733,2025-07-15
https://tsvweb.com/Big-Rose-Flower-Mold-Silicone-Cake-Mold-Handmade-524120,2025-07-15
https://tsvweb.com/2-inch-X-12-inches-For-T-469336,2025-07-15
https://tsvweb.com/Best-Natural-Gut-Tennis-Strings-In-996245,2025-07-15
https://tsvweb.com/FRONT-SPROCKET-12-TOOTH-RAPTOR-BANSHEE-423625,2025-07-15
https://tsvweb.com/BUCKLOS-Road-Bike-Wheel-700c-Aluminum-Alloy-QR-Wheels-V-Brake-335508,2025-07-15
https://tsvweb.com/Pad-8-Colors-Washable-Stamp-Pads-Rainbow-DIY-Fingerprint-Ink-877783,2025-07-15
https://tsvweb.com/help/article/walmart-com-terms-of-use/3b75080af40340d6bbd596f116fae5a0,2025-07-15
https://tsvweb.com/Evans-EQ3-Resonant-Black-Bass-Drum-Head-1089075,2025-07-15
https://tsvweb.com/Tunnels-And-Plugs-1-Pair-Stainless-Steel-Women-And-Men-Ear-777413,2025-07-14
https://tsvweb.com/Enfants-Cheris-Baby-0-24-Months-334134,2025-07-14
https://tsvweb.com/SCREENSHOT-FLEECE-PANTS-4202-Mens-Streetwear-Urban-Fit-Fleece-777626,2025-07-14
https://tsvweb.com/Texas-Hold-em-Poker-Tables-916-Poker-Depot-399642,2025-07-14
https://tsvweb.com/Explorer-Front-LH-Driver-Seat-Trim-Maldives-1119121,2025-07-14
https://tsvweb.com/Fender-Pure-Vintage-Pickguard-39-56-39-59-Stratocaster-1050012,2025-07-14
https://tsvweb.com/The-Best-Mercury-Outboard-Throttle-Control-Boxes-341236,2025-07-14
https://tsvweb.com/Veronique-High-Waist-Slit-Skirt-Military-1002512,2025-07-14
https://tsvweb.com/EvoShield-Pro-SRZ-2-0-Batter-s-Hand-Guard-974367,2025-07-14
https://tsvweb.com/lists,2025-07-14
https://tsvweb.com/Parmuz-Stoppers-Beads-Charms-For-Charm-Bracelets-925-Nigeria-1087530,2025-07-14
https://tsvweb.com/Drill-Auger-Extension-9561-Blain-s-Farm-Fleet-1138827,2025-07-14
https://tsvweb.com/Tire-Chuck-With-Air-Lock-1-4FNPT-Tire-Air-Chuck-For-Tire-1079197,2025-07-14
https://tsvweb.com/Front-Passenger-Side-Stabilizer-Bar-Link-Kit-592860,2025-07-14
https://tsvweb.com/Engine-Block-Heater-Cord-Cable-Cordset-With-Ghana-318548,2025-07-14
https://tsvweb.com/4-Metal-Music-Sign-For-Indoor-Outdoor-D-cor-Hanging-Musical-1032561,2025-07-14
https://tsvweb.com/Card-Organizer-Business-Card-Holder-For-Men-Women-With-96-Card-789589,2025-07-14
https://tsvweb.com/Rr-Disc-Brake-Rotor-18A1592A-ACDelco-Advantage-1025565,2025-07-14
https://tsvweb.com/Eupec-Bsm200Gb120Dlc-IGBT-Module-Genuine-Original-Barbados-1096658,2025-07-14
https://tsvweb.com/Panel-Mount-Pkg-Of-5-Packages-New-Lighting-933549,2025-07-14
https://tsvweb.com/cp/new-arrivals/2593086,2025-07-14
https://tsvweb.com/Loops-By-Yigal-Mesika-24-Pack-413995,2025-07-14
https://tsvweb.com/12x-24-Stainless-Steel-Wall-Mount-Shelf-With-331485,2025-07-14
https://tsvweb.com/1-X-Brake-Light-Release-Switch-25300-3RA0A-For-Nissan-NV200-642428,2025-07-14
https://tsvweb.com/And-Pinion-Assembly-For-Scion-TC-Lexus-HS250H-699413,2025-07-14
https://tsvweb.com/Ophelia-Co-HDPE-Porch-Swing-With-18-8-Stainless-Steel-598680,2025-07-14
https://tsvweb.com/SP-527-Gravity-Feed-Water-Bottle-Steam-Iron-858276,2025-07-14
https://tsvweb.com/Corelle-Coordinates-Wh-Corelle-Livingware-Super-Glass-Soup-746016,2025-07-14
https://tsvweb.com/Bearing-1965-1974-Toyota-Land-Cruiser-TIMKEN-581504,2025-07-14
https://tsvweb.com/Skimming-Set-Skimming-33-Extension-Temu-886065,2025-07-14
https://tsvweb.com/Men-Women-Knit-Bearded-Hats-Handmade-Wig-Winter-1139310,2025-07-14
https://tsvweb.com/Hex-Hubs-Upgrades-Part-For-1-5-X-Maxx-8S-Monster-Truck-45-Steel-498061,2025-07-14
https://tsvweb.com/Tape-For-Toilet-Caulk-Rubber-Seal-Strip-For-964944,2025-07-14
https://tsvweb.com/Smuggler-s-Dice-Deluxe-Sabers-993796,2025-07-14
https://tsvweb.com/Forks-300-Pack-CPLA-Disposable-Forks-Non-Plastic-Silverware-855271,2025-07-13
https://tsvweb.com/High-Temperature-Engine-Spray-1172906,2025-07-13
https://tsvweb.com/EasiBBQ-Grill-Replacement-Parts-For-Nexgrill-5-Burner-720-0882A-431940,2025-07-13
https://tsvweb.com/Harness-With-Chains-Punk-Moldova-1150297,2025-07-13
https://tsvweb.com/reviews/product/542789,2025-07-13
https://tsvweb.com/Ball-Valve-Water-Timer-2-Outlet-For-Irrigation-Controller-1107478,2025-07-13
https://tsvweb.com/reviews/product/914166,2025-07-13
https://tsvweb.com/Series-Cylinder-Head-Hex-Bolts-1179178,2025-07-13
https://tsvweb.com/Freestylehome-Dog-Toilet-With-Urinary-Column-Dog-Litter-Tray-1041976,2025-07-13
https://tsvweb.com/Newsboy-Cap-Cotton-Flat-Ivy-Gatsby-Driving-Hat-698611,2025-07-13
https://tsvweb.com/my-registries,2025-07-13
https://tsvweb.com/Refrigerator-Light-Bulb-Skaggs-RV-Country-454437,2025-07-13
https://tsvweb.com/5-Rear-Fender-Extension-Stretched-Rear-Filler-Kit-Fit-763345,2025-07-13
https://tsvweb.com/H8-Dining-Set-With-Rectangular-Slatted-Top-Firepit-Table-And-724245,2025-07-13
https://tsvweb.com/10Pcs-Sleeve-Bearing-1-3-Bore-4-9-OD-3-5-Length-Plain-582829,2025-07-13
https://tsvweb.com/20010313-QuietCast-Premium-Disc-Brake-Rotor-Jamaica-628215,2025-07-13
https://tsvweb.com/cp/pharmacy-delivery/7187181,2025-07-13
https://tsvweb.com/One-All-In-One-Data-Interface-Remote-Starter-1104359,2025-07-13
https://tsvweb.com/Toggs-Pilot-Bibs-Waterproof-Breathable-Rain-Fishing-Bibs-Mens-997534,2025-07-13
https://tsvweb.com/1Pc-Fuel-Line-Hose-Primer-Bulb-Kit-Outboard-And-Tank-Connectors-1126934,2025-07-13
https://tsvweb.com/YFNNUP-Mens-Tank-Tops-Under-4-00-Men-s-Crewneck-Sleeveless-Tank-607988,2025-07-13
https://tsvweb.com/DC-DN-Contemporary-Lens-Canon-RF-468790,2025-07-13
https://tsvweb.com/Sony-Alpha-A6000-Silver-SEL-16-50mm-472042,2025-07-13
https://tsvweb.com/Adult-AK100-Wrestling-Knee-Pad-DICK-S-Sporting-Goods-983112,2025-07-13
https://tsvweb.com/FE-70-200mm-F-4-Macro-G-OSS-II-Lens-Sony-E-446629,2025-07-13
https://tsvweb.com/Meritor-AIR-BRAKE-QUICK-RLS-VALVE-R955229859N-700382,2025-07-13
https://tsvweb.com/Water-Shut-Off-Valve-Nigeria-Ubuy-890203,2025-07-13
https://tsvweb.com/Cartridge-Lube-Metal-Canister-Filter-Great-1171945,2025-07-13
https://tsvweb.com/Utility-Belt-Costume-Accessory-Utility-Belt-Black-One-Size-US-1022265,2025-07-13
https://tsvweb.com/GroVia-Hybrid-Cloth-Diaper-Shell-1103373,2025-07-13
https://tsvweb.com/Umarex-Legends-Makarov-All-Metal-177-Caliber-BB-Gun-Air-Pistol-1062931,2025-07-13
https://tsvweb.com/reviews/product/1133299,2025-07-13
https://tsvweb.com/Softalk-Phone-Coil-Cords-Lines-Adapters-914829,2025-07-13
https://tsvweb.com/Kawasaki-Brute-Force-750-4x4i-EPS-ATVs-In-Lafayette-LA-751426,2025-07-13
https://tsvweb.com/TIKIL-Silicone-T-Hole-Stoppers-7-3mm-0-29inch-20-Pack-Soft-830738,2025-07-13
https://tsvweb.com/10-Best-Ballet-Tights-For-Adults-Kids-City-Dance-Studios-284756,2025-07-13
https://tsvweb.com/Anchor-Trolley-Kit-RC-Supply-Shop-892696,2025-07-13
https://tsvweb.com/ODYSSEY-Smart-Telescope-Astronomy-Plus-Telescopes-1073050,2025-07-13
https://tsvweb.com/Ruby-Sliders-Small-As-Seen-On-TV-Premium-Chair-Covers-Protect-344410,2025-07-13
https://tsvweb.com/reviews/product/506693,2025-07-13
https://tsvweb.com/Homdox-Salad-Maker-Electric-Slicer-Shredder-Greater-Electric-345991,2025-07-13
https://tsvweb.com/North-Pole-Christmas-Tree-Kit-Peppermint-Candy-Christmas-Tree-710244,2025-07-13
https://tsvweb.com/Pelican-Kayak-Paddle-Holder-YElectric-Blue-267027,2025-07-13
https://tsvweb.com/reviews/product/850309,2025-07-13
https://tsvweb.com/Moeller-Pintura-En-Aerosol-Para-Motor-Crusader-Blue-1007844,2025-07-13
https://tsvweb.com/Indoor-Plant-Transplanting-Plant-Pots-Plastic-Flower-Green-632125,2025-07-13
https://tsvweb.com/Alliance-GASKET-DOOR-RING-NOTCHED-841235,2025-07-13
https://tsvweb.com/Chn-Strap-Cup-Chn-Protector-For-Baseball-Etsy-Canada-373603,2025-07-13
https://tsvweb.com/Corolla-Yaris-Rav4-82641-47020-PH-1107456,2025-07-13
https://tsvweb.com/Tenace-Jiu-Jitsu-Grappling-Knee-Pads-Compression-Pad-For-MMA-713506,2025-07-13
https://tsvweb.com/Bolts-Gasket-Set-Turbo-MOUNTING-BLKPRO-OEM-426514,2025-07-13
https://tsvweb.com/Under-Mitt-Elasticated-Spandex-Gel-Foam-581839,2025-07-13
https://tsvweb.com/00-Pro-Series-2-Stud-USA-Made-988624,2025-07-13
https://tsvweb.com/10m-Bonsai-Wire-Anodized-Aluminum-Bonsai-Training-Wire-For-Plant-644264,2025-07-13
https://tsvweb.com/Travel-Watercolor-Set-With-Watercolor-Palette-Painting-Supplies-963087,2025-07-13
https://tsvweb.com/01030-0-3NV010300-For-Nissan-Tohatsu-Outboard-791757,2025-07-13
https://tsvweb.com/Burton-1-Highback-Mounting-Hardware-734765,2025-07-13
https://tsvweb.com/Screw-Shank-Eye-Screw-Bolts-Heavy-Duty-Shoulder-Eye-Bolts-851598,2025-07-13
https://tsvweb.com/2-8inch-TFT-Digital-Oscilloscope-1MHz-Bandwidth-8-33MSa-649903,2025-07-13
https://tsvweb.com/Fluidampr-610911-Accessories-Inc-1136656,2025-07-13
https://tsvweb.com/For-Honda-Yamaha-Suzuki-Ethiopia-739527,2025-07-13
https://tsvweb.com/Pokemon-Boys-Hoodie-With-Cuffed-Sleeves-Kangaroo-Pocket-Black-732122,2025-07-13
https://tsvweb.com/Roll-Of-Greenhouse-Repair-Tape-Made-In-Seychelles-1112399,2025-07-13
https://tsvweb.com/Hestra-Junior-Gore-Tex-Flex-Glove-Youth-4-13yrs-Waterproof-494867,2025-07-13
https://tsvweb.com/Collet-Chuck-X-2-76-quot-Length-417007,2025-07-13
https://tsvweb.com/co-Gotical-Copatible-Loks-Keyods-Picatinny-Rail-3-Aluinu-1008301,2025-07-13
https://tsvweb.com/For-1996-Dodge-Ram-2500-3500-5-9L-Diesel-Pickup-W-5-Speed-1003382,2025-07-13
https://tsvweb.com/Wrist-Strap-Switch-Lanyard-Replacement-Parts-Bahrain-1023496,2025-07-13
https://tsvweb.com/USB-LED-Bicycle-Headlight-Jamaica-1148197,2025-07-13
https://tsvweb.com/8-20-5-Positions-8-Terminals-Universal-Rotary-Cam-Selector-362236,2025-07-13
https://tsvweb.com/ID-Tape-For-Instruments-Teal-3m-Roll-Henry-Schein-915911,2025-07-13
https://tsvweb.com/Star-7-5-quot-Pasta-Bowls-Set-Salad-Bowl-Set-Of-4-Double-354834,2025-07-13
https://tsvweb.com/For-Medium-Dogs-Yellow-Duck-Soft-Material-Stretchable-Dog-462578,2025-07-13
https://tsvweb.com/Jewelry-Belt-Chain-For-Jeans-Trousers-Clip-983872,2025-07-13
https://tsvweb.com/reviews/product/892749,2025-07-13
https://tsvweb.com/F550-Super-Duty-With-6-0-Powerstroke-Diesel-Engine-XDP-747964,2025-07-13
https://tsvweb.com/Extra-Wide-Double-Fold-1-2-Inch-Wide-Bulk-By-The-Spool-548391,2025-07-13
https://tsvweb.com/DIVE-SAIL-2mm-Neoprene-Scuba-Diving-Wetsuit-Jacket-Sleevess-Full-522616,2025-07-13
https://tsvweb.com/help/article/responsible-disclosure-and-accessibility-policies/0f173dab8bd942da84b1cd7ab5ffc3cb,2025-07-13
https://tsvweb.com/For-Lenco-15057-001-Actuator-2-1-4-Stroke-Short-101XDS-12V-Trim-1173366,2025-07-13
https://tsvweb.com/8-5-In-X-34-0-In-600-Dpi-X-480917,2025-07-13
https://tsvweb.com/H-R-OE-Sport-Springs-For-2012-2018-Volkswagen-Passat-Sedan-V6-286436,2025-07-13
https://tsvweb.com/CF-SLX-Headset-Lower-Bearing-Only-371761,2025-07-13
https://tsvweb.com/account/api/ccpa-intake?native=false&app=gm&type=sod,2025-07-13
https://tsvweb.com/orders,2025-07-13
https://tsvweb.com/cp/pharmacy/5431?povid=HWS_GlobalFooter_Pharmacy,2025-07-13
https://tsvweb.com/And-Comfortable-Skate-Pants-For-Ice-Skating-Practice-Performance-481085,2025-07-13
https://tsvweb.com/cp/get-it-fast/6545138,2025-07-13
https://tsvweb.com/Front-And-Rear-Bicycle-Brake-Inner-And-Outer-904839,2025-07-13
https://tsvweb.com/Speed-Loader-SpeedLoader-KelTec-Kel-Tec-P-566467,2025-07-13
https://tsvweb.com/browse/swim-shop/5438_1229269,2025-07-13
https://tsvweb.com/For-Spearfishing-Lancaster-Scuba-832246,2025-07-13
https://tsvweb.com/Blades-In-Automotive-Replacement-Parts-985233,2025-07-13
https://tsvweb.com/Piston-PinFA40A-FA40AGK-SAI40A07-Replacement-Engine-Parts-Air-693536,2025-07-13
https://tsvweb.com/Wedding-Drink-Stirrers-Cocktail-Stirrers-Custom-Stirrers-934538,2025-07-13
https://tsvweb.com/BL-MT401-Lever-Rear-Hydraulic-4-Piston-Post-Mount-BLK-450579,2025-07-13
https://tsvweb.com/Board-With-Seat-Attachent-Toddler-Stroller-1146166,2025-07-13
https://tsvweb.com/Mask-With-Glasses-Holes-For-Men-Women-Winter-Face-Mask-Thermal-1156320,2025-07-13
https://tsvweb.com/235869-Bedroom-Sets-At-Sportsman-s-512553,2025-07-13
https://tsvweb.com/Kitchen-Wall-Decor-Stencil-Wallpaper-Kitchen-Stencils-Wall-552412,2025-07-13
https://tsvweb.com/reviews/product/796486,2025-07-13
https://tsvweb.com/Stand-Tripod-Mount-For-Desktop-Display-For-DJI-Avata-954358,2025-07-13
https://tsvweb.com/Sealant-Spray-Clear-Caulk-14-Oz-Liquid-Rubber-Seal-Insulate-For-968132,2025-07-13
https://tsvweb.com/Heart-Pet-Family-Vinyl-For-Car-Rear-Windshield-Decal-Best-Friend-585091,2025-07-13
https://tsvweb.com/Plate-Clamp-Heavy-Duty-Durable-Lifting-Jamaica-1102185,2025-07-13
https://tsvweb.com/1-Pc-Lifting-Toilet-Seat-Handle-Toilet-Seat-Lifter-Practical-634979,2025-07-13
https://tsvweb.com/reviews/product/728972,2025-07-13
https://tsvweb.com/Power-Front-Kit-With-Plain-Rotors-And-Zinc-Plated-Calipers-788694,2025-07-13
https://tsvweb.com/Burton-Riglet-Board-Kids-Snowboards-735407,2025-07-13
https://tsvweb.com/ICT-Billet-LS-Camaro-Low-Mount-Alternator-Bracket-For-Electric-484132,2025-07-13
https://tsvweb.com/Backpack-Blowers-Muffler-Parts-538135,2025-07-13
https://tsvweb.com/Toy-For-Birds-Heavy-Duty-Bird-Cage-Toys-For-Parrots-African-669794,2025-07-13
https://tsvweb.com/Large-Printer-Table-Under-Desk-Printer-Stand-For-3D-771251,2025-07-13
https://tsvweb.com/Condenser-Microphone-48V-Phantom-Power-Vocal-Recording-Mic-For-676236,2025-07-13
https://tsvweb.com/Iplusmile-Baby-Foot-Mold-6-Pairs-Baby-Feet-Mannequin-Baby-617283,2025-07-13
https://tsvweb.com/Hour-Survival-Kit-Survival-Front-730885,2025-07-13
https://tsvweb.com/Shield-Logo-Cap-A300003102-Starr-Western-Wear-367301,2025-07-13
https://tsvweb.com/A-Premium-Power-Steering-Return-Hose-Line-Assembly-Compatible-708228,2025-07-13
https://tsvweb.com/Mountain-Products-Balancing-Exercise-Stability-Pods-Yellow-UPC-996400,2025-07-13
https://tsvweb.com/Bracelet-Aking-Kit-Beads-For-Pony-1016217,2025-07-13
https://tsvweb.com/Mudder-4-Packs-1-4-Inch-Check-Valve-6mm-PVDF-Plastic-Wear-933392,2025-07-13
https://tsvweb.com/Desk-Checks-Helpful-For-Business-Carousel-Checks-1156290,2025-07-13
https://tsvweb.com/Hunters-Specialties-Camo-Spray-Paint-Kit-W-Leaf-Stencil-21-633624,2025-07-13
https://tsvweb.com/Fielect-12-Inches-Paper-Speaker-Cone-Subwoofer-Cones-Drum-Paper-919670,2025-07-13
https://tsvweb.com/reviews/product/999815,2025-07-13
https://tsvweb.com/2018-2021-Jeep-Wrangler-JL-JLU-Sports-Sahara-Freedom-Rubicon-889391,2025-07-13
https://tsvweb.com/Steel-Optik-Talis-S-Wall-Mounted-Pot-Filler-364120,2025-07-13
https://tsvweb.com/900W-High-Output-Flywheel-Replacement-For-Polaris-RZR-Ranger-771856,2025-07-13
https://tsvweb.com/Circle-Y-Single-Ply-Spur-Straps-1105290,2025-07-13
https://tsvweb.com/String-Lights-50pcs-Outdoor-Light-Clips-With-Adhesive-Strips-1012921,2025-07-13
https://tsvweb.com/For-Yamaha-YFB-250-Timberwolf-1992-1993-1083951,2025-07-13
https://tsvweb.com/Pink-Mayla-Or-Nymphaea-Mayla-Winter-Hardy-Water-Lily-Arizona-458999,2025-07-13
https://tsvweb.com/Pallet-Jack-5500-Lbs-Durable-Hydraulic-Pallet-Truck-48-X-21-In-1169630,2025-07-13
https://tsvweb.com/Stove-Portable-Mini-Stainless-Steel-Stove-Home-Outdoor-647126,2025-07-13
https://tsvweb.com/reviews/product/676331,2025-07-13
https://tsvweb.com/reviews/product/725182,2025-07-13
https://tsvweb.com/Pre-lubricated-Treadmill-Walking-Belt-Fits-Horizon-T500-Serial-981384,2025-07-13
https://tsvweb.com/reviews/product/1103990,2025-07-13
https://tsvweb.com/reviews/product/590070,2025-07-13
https://tsvweb.com/reviews/product/964375,2025-07-13
https://tsvweb.com/Pump-Valve-DDE-A0000912210-KAHGO-Truck-Parts-1188097,2025-07-13
https://tsvweb.com/Pad-Gas-Fuel-Knee-Grip-Decal-For-Suzuki-446896,2025-07-13
https://tsvweb.com/reviews/product/730639,2025-07-13
https://tsvweb.com/A604-604-A606-606-42LE-Transmission-Transgo-Shift-821934,2025-07-13
https://tsvweb.com/Body-Parts-RE0F11A-JF015E-CVT-JF015-Transmission-Valve-Body-For-820122,2025-07-13
https://tsvweb.com/Heavy-Training-Mitts-Maya-Hide-Leather-Ventilated-Long-630420,2025-07-13
https://tsvweb.com/Wall-Ount-Ironing-Board-Holder-With-Screws-Iron-695018,2025-07-13
https://tsvweb.com/18685-18620-Taper-Bearing-Cone-Cup-1-3-4-ID-1-1-8OD-18685-606227,2025-07-13
https://tsvweb.com/39-39-22mm-Motorcycle-Handlebar-Grips-Ends-Handle-Bar-Cap-681078,2025-07-13
https://tsvweb.com/And-Headlight-Fog-Light-Switch-Replacement-For-2007-2014-Chevy-952792,2025-07-13
https://tsvweb.com/reviews/product/722360,2025-07-13
https://tsvweb.com/reviews/product/726747,2025-07-13
https://tsvweb.com/PFM25LMXNA-Replacement-Pads-For-FM25LMX-NA-1170402,2025-07-13
https://tsvweb.com/reviews/product/489977,2025-07-13
https://tsvweb.com/reviews/product/1073554,2025-07-13
https://tsvweb.com/Iron-Board-With-4-Layered-Cover-And-Pad-Height-730639,2025-07-13
https://tsvweb.com/Rectifier-For-Suzuki-GSX-R600-2004-2005-GSX-R600X-2004-786709,2025-07-13
https://tsvweb.com/Replaces-HD-32435-928513,2025-07-13
https://tsvweb.com/924-685-Dorman-Products-371633,2025-07-13
https://tsvweb.com/Cable-Element3-Raybestos-BC95101-730578,2025-07-13
https://tsvweb.com/Handle-Bar-End-Grips-Plug-Weights-Hand-Myanmar-565394,2025-07-13
https://tsvweb.com/Gas-Door-Release-Lever-57346AA010ML-For-Subaru-Forester-642594,2025-07-13
https://tsvweb.com/Long-Velvet-Cardigan-Jacket-Lapel-Collar-Open-Front-Vintage-Maxi-857690,2025-07-13
https://tsvweb.com/Mastectomy-Prosthesis-Bra-Pad-Insert-Crossdresser-Transgender-857547,2025-07-13
https://tsvweb.com/0210-Thermocouple-Replacement-For-Quadrafire-Heatilator-Fits-684313,2025-07-13
https://tsvweb.com/Elegant-Waistcoat-Double-Breasted-Waistcoat-Retro-Office-Lapel-857791,2025-07-13
https://tsvweb.com/OIL-10827-Brake-Fluid-12-Oz-Online-Lebanon-324125,2025-07-13
https://tsvweb.com/Cylinder-Shaker-Percussion-Instrument-Latin-Shaker-Percussion-374545,2025-07-13
https://tsvweb.com/Ford-205-1069-Wheel-Hub-Seal-Installer-Tool-M275-And-M300HD-For-1170462,2025-07-13
https://tsvweb.com/Holder-Rinn-Film-Holder-Autoclavable-3-Pk-AD127-424648,2025-07-13
https://tsvweb.com/Inch-No-6-Pilot-Punch-Togo-570961,2025-07-13
https://tsvweb.com/UTP-24-AWG-RJ45-M-M-350MHz-2-A3L791-02-S-Cat-5-Cables-1021454,2025-07-13
https://tsvweb.com/Hair-It-39-s-German-Shepherd-G-Pajamas-Women-908039,2025-07-13
https://tsvweb.com/Scientific-Industries-503-0283-00-Assorted-Inserts-Foa-For-1077354,2025-07-13
https://tsvweb.com/Black-Rubber-Spur-Keeper-Heel-Straps-2Count-Pack-Of-1112127,2025-07-13
https://tsvweb.com/With-Pull-Down-Sprayer-Stainless-Steel-Kitchen-Faucets-With-Deck-361780,2025-07-13
https://tsvweb.com/Platform-Bed-Frame-With-2-Drawers-No-Box-Spring-Needed-Easy-1005535,2025-07-13
https://tsvweb.com/Fasteners-With-Pull-Rings-Mini-Metal-Rings-Brads-For-Kitchen-643579,2025-07-13
https://tsvweb.com/Tackle-10983-CPT-Frost-Line-Monofiliment-7-Pfund-1190666,2025-07-13
https://tsvweb.com/5mm-Bore-3mm-Pitch-Timing-Belt-Drive-Pulley-Synchronous-Wheel-523606,2025-07-13
https://tsvweb.com/4-Pieces-Stencils-Metal-Journal-Template-All-In-Box-832349,2025-07-13
https://tsvweb.com/Metal-Gearbox-With-Motor-And-Esc-For-1-24-Rc-Crawler-Car-Axial-436446,2025-07-13
https://tsvweb.com/Motor-220V-Asynchronous-Motor-Single-Phase-M590-502-Gear-596579,2025-07-13
https://tsvweb.com/Piercer-Craft-Hole-Punch-Tools-Hand-Held-Pliers-Sewing-2-4-Teeth-669276,2025-07-13
https://tsvweb.com/Amethyst-Geode-2-To-2-5-Lb-Rock-Stones-Crystals-From-Uruguay-305953,2025-07-13
https://tsvweb.com/Glow-Gc19-Gc19b-Sears-40305-Am-31p-1133299,2025-07-13
https://tsvweb.com/Cart-3-Tiers-Wire-Rolling-Cart-With-661LBS-Capacity-Steel-986551,2025-07-13
https://tsvweb.com/Wireless-Saxophone-Pickup-System-Clip-On-Transmitter-Trebl-644375,2025-07-13
https://tsvweb.com/Coworker-Friend-Daily-Reminder-Positive-Quote-Phone-Holder-Plus-358729,2025-07-13
https://tsvweb.com/Kurt-S-Adler-Kurt-Adler-10-Inch-Mickey-Mouse-Nutcracker-Want-584110,2025-07-13
https://tsvweb.com/Photography-GardenBoss-Statement-Plaque-5-75-X-9-5-Aluminu-959791,2025-07-13
https://tsvweb.com/Personalized-Cast-Metal-Address-Plaque-Made-In-The-USA-Custom-959569,2025-07-13
https://tsvweb.com/Kit-1-2-4-6-Prong-Leather-Punch-687653,2025-07-13
https://tsvweb.com/M2-M2-5-M3-Nylon-Metal-Ball-Joint-Link-With-Screw-Assemblies-Set-480022,2025-07-13
https://tsvweb.com/Princess-Oval-Cut-Pink-Crystal-Silver-Ring-With-AAA-White-Cubic-770984,2025-07-13
https://tsvweb.com/NutCracker-Walnut-Cracker-Heavy-Duty-Shell-Cracker-Seafood-Pecan-662223,2025-07-13
https://tsvweb.com/Bar-Crash-Bar-Engine-Guard-Highway-Bar-For-1048000,2025-07-13
https://tsvweb.com/Kappa-Alpha-Psi-Cane-Diamond-K-Wide-Block-630779,2025-07-13
https://tsvweb.com/Screw-And-Post-Sets-1-Inch-Post-Length-3-16-Inch-Post-656887,2025-07-13
https://tsvweb.com/Size-Cinch-Bottom-Sweatpants-Baggy-1170123,2025-07-13
https://tsvweb.com/Loaded-Jehunion-Jehu-V2-Precision-Built-In-Bearings-761626,2025-07-13
https://tsvweb.com/Download-Get-The-Baddie-Aesthetic-Look-Today-730351,2025-07-13
https://tsvweb.com/For-Ford-Tractor-861-871-881-900-901-941-950-951-960-76-702629,2025-07-13
https://tsvweb.com/MUFFLER-33280-34185-HM70-HM100-299365,2025-07-13
https://tsvweb.com/Bible-Cover-Case-For-Women-Bible-Case-Set-With-Notebook-Bible-958825,2025-07-13
https://tsvweb.com/Sportswear-Women-s-Long-Sleeve-Ventilated-Show-Shirt-1173827,2025-07-13
https://tsvweb.com/SV-18S-Composite-Volleyball-Black-White-Scarlet-397719,2025-07-13
https://tsvweb.com/Actuator-Replacement-For-Ford-For-F-793113,2025-07-13
https://tsvweb.com/Black-For-KTM-250-SX-F-Factory-Edition-2015-2017-2022-771898,2025-07-13
https://tsvweb.com/Cylinder-Piston-Top-End-Kit-For-Honda-TRX300-Fourtrax-FW-4x4-771790,2025-07-13
https://tsvweb.com/reviews/product/653154,2025-07-13
https://tsvweb.com/1996-1999-Silverado-1500-1999-2007-S10-1996-2004-C1500-959672,2025-07-13
https://tsvweb.com/Hougen-14005-Electrician-s-Fabricator-s-Holcutter-Kit-607511,2025-07-13
https://tsvweb.com/Ackup-Alarm-SSW5000-Compatible-With-Replacement-For-771923,2025-07-13
https://tsvweb.com/Speaker-Selector-Switch-Multi-Zone-Audio-Distributor-With-312823,2025-07-13
https://tsvweb.com/2pcs-21inch-2-Flashing-Modes-LED-Traffic-Baton-Wan-Grandado-681340,2025-07-13
https://tsvweb.com/FEL-PRO-ENGINE-GASKET-SET-260-904160,2025-07-13
https://tsvweb.com/Up-To-99-9-Of-Smoke-Pollen-Dust-And-Common-Household-403463,2025-07-13
https://tsvweb.com/14-UNF-Machine-Tap-7-8-X-14-UNF-Right-Hand-Thread-Tap-1065005,2025-07-13
https://tsvweb.com/Valve-Positive-Crankcase-Ventilation-Valve-Import-It-All-821458,2025-07-13
https://tsvweb.com/Guard-Compatible-For-1065035,2025-07-13
https://tsvweb.com/Pcs-Front-Or-Rear-Wheel-Stud-Replacement-For-Dodge-Ram-2500-1078132,2025-07-13
https://tsvweb.com/Connectors-6-Packs-LED-Tape-Light-Connector-2-Pin-Solderless-518987,2025-07-13
https://tsvweb.com/150-Mg-Organic-Caffeine-300mg-Ashwagandha-Reishi-Ginseng-370525,2025-07-13
https://tsvweb.com/Carry-Bag-For-28-In-Griddle-1182-The-Home-Depot-925324,2025-07-13
https://tsvweb.com/Wireless-HDMI-Transmitter-Receiver-HW200-HDMI-Extender-1097061,2025-07-13
https://tsvweb.com/Control-Board-BA35062-For-Alto-Shaam-1145613,2025-07-13
https://tsvweb.com/Star-Mfg-K9-11160-17-Or-Equivalent-QUARTZ-ELEMENT-208V-1800w-1131308,2025-07-13
https://tsvweb.com/Sterilizer-E218-High-Temperature-Steam-Chip-Control-Lab-Equipment-1131446,2025-07-13
https://tsvweb.com/1-1-2-Inch-3-Way-Slip-Valve-For-Pools-And-Spas-Fe9844b4-0fb5-623758,2025-07-13
https://tsvweb.com/64VU1-6-000-BTU-Low-Profile-Window-Air-Conditioner-With-803914,2025-07-13
https://tsvweb.com/Bijun-Wall-Mount-Soap-Bottles-Dispenser-Holder-Hand-Pump-1033128,2025-07-13
https://tsvweb.com/Assembly-Kit-For-Alpha-Bravo-98825A4-8M0080805-647107,2025-07-13
https://tsvweb.com/Anpanman-Episodes-343-Japanese-Cartoon-Dailymotion-Video-856824,2025-07-13
https://tsvweb.com/Lady-Woman-Grey-Silver-Granny-Mother-Wigs-Bun-Cosplay-1093128,2025-07-13
https://tsvweb.com/For-Men-Spring-Summer-Casual-Hawaiian-Beach-Tropical-Buttonup-948964,2025-07-13
https://tsvweb.com/Oven-Guard-17-quot-Height-11-quot-Width-430427,2025-07-13
https://tsvweb.com/Rhinestone-Fishnet-Long-Gloves-Glitter-Mesh-Uruguay-1148496,2025-07-13
https://tsvweb.com/BestEvMod-All-Weather-Frunk-Front-Trunk-Mat-Compatible-With-980642,2025-07-13
https://tsvweb.com/Civic-1-5T-Si-MMINT-Civ-318653,2025-07-13
https://tsvweb.com/Sleeve-Maxi-Maternity-Dress-For-Photography-Props-Elegant-865432,2025-07-13
https://tsvweb.com/BK-HEB-AA-EATON-BUSSMANN-FUSE-HOLDER-10-3-X-38MM-Farnell-874785,2025-07-13
https://tsvweb.com/Lead-Free-Brass-Residential-Dual-Check-Valve-Backflow-Preventer-933472,2025-07-13
https://tsvweb.com/Sewing-Cotton-Snap-Button-Trim-Fastener-Buckles-Tape-For-1164856,2025-07-13
https://tsvweb.com/Steel-Check-Valve-Stainless-Steel-Ball-Valve-Products-944444,2025-07-13
https://tsvweb.com/G-T-Luscombe-Company-Inc-Pigma-Micron-01-Fine-Point-Bible-731747,2025-07-13
https://tsvweb.com/Leonardo-Sciascia-El-Escritor-Que-Se-Atrevi-A-752438,2025-07-13
https://tsvweb.com/D-Ring-Shackles-1-4-Inch-316-SS-Heavy-Duty-Boat-Anchor-Shackles-699822,2025-07-13
https://tsvweb.com/s-Saddle-Hackle-Pack-Size-12-White-Dyed-Light-Dun-1124804,2025-07-13
https://tsvweb.com/Hard-Carrying-Case-For-BLACK-DECKER-Detail-Sander-Compact-595847,2025-07-13
https://tsvweb.com/Darts-Sharpener-Whetstone-Set-6-Pieces-Round-Dart-Point-805374,2025-07-13
https://tsvweb.com/Dash-Kit-Fits-Select-2010-19-Toyota-4Runner-1029064,2025-07-13
https://tsvweb.com/WHEEL-STEEL-ONE-PIECE-W-3-4-BALL-BEARINGS-3-HUB-LENGTH-1079641,2025-07-13
https://tsvweb.com/Darts-Corner-BX228-Tune-Up-Kit-125pc-Accessory-Pack-Including-805009,2025-07-13
https://tsvweb.com/Intercooler-Pipe-Kit-For-2007-2009-Dodge-Ram-6-7L-Cummins-Diesel-297005,2025-07-13
https://tsvweb.com/Tape-Self-Adhesive-Magnet-20mm-Multipurpose-Adhesive-663482,2025-07-13
https://tsvweb.com/Door-Gasket-Compatible-With-Whirlpool-Jenn-Air-Maytag-Kitchen-464060,2025-07-13
https://tsvweb.com/Driving-Moc-Moc-Toe-Honey-325640,2025-07-13
https://tsvweb.com/Aazon-co-Sunbelt-72-Wide-Pried-Cotton-Artist-Canvas-6-Yard-618098,2025-07-13
https://tsvweb.com/Hardware-Taper-Proof-Star-Drive-Screws-851689,2025-07-13
https://tsvweb.com/Storm-Ladies-Shoe-Cover-Think-Pink-275273,2025-07-13
https://tsvweb.com/Work-Spiked-Shoes-For-Epoxy-Floor-Coating-Nailshoe-Clog-For-1185389,2025-07-13
https://tsvweb.com/Leg-Pants-Woman-High-Waisted-Palazzo-Pants-Boho-Drawstring-1156446,2025-07-13
https://tsvweb.com/Silicone-Wrapped-Magnets-Heavy-Duty-Magnets-Prevent-Curtain-700577,2025-07-13
https://tsvweb.com/Buy-Motorcraft-YH-1698-Blower-Motor-Resistor-At-Ghana-949210,2025-07-13
https://tsvweb.com/BeadBug-Microtube-Homogenizer-115V-344651,2025-07-13
https://tsvweb.com/Holder-Rings-1-4-Inch-6-35-Mm-Screwdriver-307555,2025-07-13
https://tsvweb.com/Tornado-NGC-Rapid-Cook-Oven-Serviced-And-Very-342374,2025-07-13
https://tsvweb.com/70A-Durometer-Black-2-38-ID-2-34-Lebanon-908981,2025-07-13
https://tsvweb.com/Rod-Bearing-Fits-Cars-Trucks-93-11-Hyundai-911103,2025-07-13
https://tsvweb.com/Medical-Alert-Bracelets-For-Men-Women-Kids-Free-Engraving-622741,2025-07-13
https://tsvweb.com/2100MHz-Band-2G-3G-4G-GSM-Mobile-Signal-Amplifier-Kit-With-400008,2025-07-13
https://tsvweb.com/Needle-Roller-Bearing-Cage-And-Roller-Single-Row-984049,2025-07-13
https://tsvweb.com/JR-Flasher-W-Mylar-6-3-4-Ilander-1024705,2025-07-13
https://tsvweb.com/EUTVIBRP-200pcs-Disposable-Plastic-Fruit-Forks-4-Forks-Bistro-783562,2025-07-13
https://tsvweb.com/Sump-Pump-Check-Valve-2inch-Silent-Check-Valve-Replacement-904267,2025-07-13
https://tsvweb.com/King-Engine-Bearings-Cr807si001-Rod-Bearing-318417,2025-07-13
https://tsvweb.com/Blades-Weed-Eater-Blades-Compatible-With-Ugly-Head-828493,2025-07-13
https://tsvweb.com/Shirts-Women-2-Packs-V-Neck-Side-Ruched-Pregnancy-Summer-Top-605338,2025-07-13
https://tsvweb.com/Free-Clear-Plastic-Cereal-Containers-With-Easy-Lock-Lids-For-659875,2025-07-13
https://tsvweb.com/80mm-Aperture-800mm-Magnification-24-180X-Astronomical-Portable-1045040,2025-07-13
https://tsvweb.com/3-4-X-2-13-16-1-3-4-I-D-1028569,2025-07-13
https://tsvweb.com/Twopumpkin-Baby-Girl-Boy-Coming-Home-Knotted-Gown-Unisex-Newborn-338334,2025-07-13
https://tsvweb.com/Admiralty-Chart-180-Aegean-Sea-Imray-1119886,2025-07-13
https://tsvweb.com/Polarizer-Filter-For-Phone-Clip-on-Barbados-895168,2025-07-13
https://tsvweb.com/FENDER-LINER-SPLASH-SHIELD-LEFT-DRIVER-SIDE-L-H-338383,2025-07-13
https://tsvweb.com/Stevens-Holly-Tree-Holly-Tree-Prvacy-Landscapng-Landscape-555121,2025-07-13
https://tsvweb.com/B-Color-Blind-Glasses-Wayfarer-Style-For-830147,2025-07-13
https://tsvweb.com/RH-Brothers-Trucks-Kick-Panel-Vent-Doors-Each-930402,2025-07-13
https://tsvweb.com/reviews/product/778912,2025-07-13
https://tsvweb.com/reviews/product/643513,2025-07-13
https://tsvweb.com/Outsunny-12-X-19-Louvered-Pergola-Hardtop-Gazebo-With-649007,2025-07-13
https://tsvweb.com/Fan-Filters-For-Blades-Ceiling-Fan-Air-Purifier-988660,2025-07-13
https://tsvweb.com/reviews/product/819255,2025-07-13
https://tsvweb.com/Intake-Exhaust-Camshaft-Compatible-With-Nigeria-409591,2025-07-13
https://tsvweb.com/Quality-Fans-Heating-Cooling-Air-Home-Appliances-AU-524009,2025-07-13
https://tsvweb.com/Lever-For-Sale-Online-786688,2025-07-13
https://tsvweb.com/CD40107BE-Texas-Instruments-Electronics-525147,2025-07-13
https://tsvweb.com/Nebility-Shapewear-Bodysuit-Waist-Trainer-Open-Bust-Bodysuits-857748,2025-07-13
https://tsvweb.com/Planet-Bike-Snack-Sack-Bike-Bag1-278379,2025-07-13
https://tsvweb.com/Labels-Bridesmaid-Proposal-Box-Will-You-Be-My-1161649,2025-07-13
https://tsvweb.com/Water-Pump-Impeller-Kit-For-Evinrude-Johnson-85-88-90-418204,2025-07-13
https://tsvweb.com/Hand-Drum-Percussion-Instrument-Birch-Wood-With-Adjustable-375577,2025-07-13
https://tsvweb.com/Sensors-For-2010-Subaru-Outback-For-Sale-344495,2025-07-13
https://tsvweb.com/Regulator-Rectifier-As-Yamaha-1WD-H1960-00-MT03-R3-R25-594492,2025-07-13
https://tsvweb.com/Zildjian-18-S-Band-Pair-S18BP-374901,2025-07-13
https://tsvweb.com/LSSOCH-3-4-Insert-Ball-Bearing-With-Lock-Collar-Flat-OD-CSA204-421717,2025-07-13
https://tsvweb.com/Sax-Bend-Neck-Saxophone-Replacement-Bend-Togo-427670,2025-07-13
https://tsvweb.com/Bershka-Split-Hem-Flared-Pants-In-Black-ASOS-283831,2025-07-13
https://tsvweb.com/Drill-Tap-Bit-Set-13PCS-SAE-And-Metric-Tap-Bits-Kit-For-Screw-612941,2025-07-13
https://tsvweb.com/Night-Vision-Goggle-Head-558992,2025-07-13
https://tsvweb.com/Holder-Black-Metal-Candle-Lanterns-Set-Of-1046783,2025-07-13
https://tsvweb.com/HCS-Nitrile-Exam-Gloves-250-Box-Medical-Gloves-Disposable-461099,2025-07-13
https://tsvweb.com/Girl-Self-Adhesive-Decorative-Brads-657991,2025-07-13
https://tsvweb.com/RUNBOW-Sports-Soccer-Replaceent-Goal-Nets-Replaceent-Soccer-1070110,2025-07-13
https://tsvweb.com/Calabria-1003-Anti-Splash-Safety-Glasses-Fitover-With-UV-793392,2025-07-13
https://tsvweb.com/For-Dog-Ashes-Tree-Of-Life-Wooden-Black-Keepsake-With-Angel-658497,2025-07-13
https://tsvweb.com/LOCK-N-LUBE-LNL141-Grease-Fittings-80pc-Set-SAE-Jireh-Tools-449242,2025-07-13
https://tsvweb.com/Sewing-Machine-Case-Tutto-Sewing-Machine-Trolley-978646,2025-07-13
https://tsvweb.com/High-Pressure-Side-Switches-523487,2025-07-13
https://tsvweb.com/Pro-Parts-151120-OR-34-Buna-N-O-Ring-Replacement-For-Pentek-1048290,2025-07-13
https://tsvweb.com/ITP-Rear-Mud-Lite-SP-20x11-9-Tire-Dennis-Kirk-946746,2025-07-13
https://tsvweb.com/Strap-Gear-Hangers-For-Hunting-Gears-Bow-1001268,2025-07-13
https://tsvweb.com/GE-14-000-BTU-Smart-Electronic-Window-Air-Conditioner-For-838820,2025-07-13
https://tsvweb.com/24A34-Series-Electric-Heat-Sequencer-24-Volts-2-Timings-1130031,2025-07-13
https://tsvweb.com/High-Torque-Screwdriver-Made-In-USA-653424,2025-07-13
https://tsvweb.com/Crosman-2240-Bolt-Action-CO2-Powered-22-Pistol-At-Rs-18000-1038398,2025-07-13
https://tsvweb.com/Line-Kayaking-Boat-Buoy-Ball-Drift-Anchors-System-546743,2025-07-13
https://tsvweb.com/set-Of-4-VC14101LCK-Jamin-Leather-779295,2025-07-13
https://tsvweb.com/PowerDrive-1374-3-364-Synchronous-Tiing-Belt-Rubber-Pack-Of-1066844,2025-07-13
https://tsvweb.com/Print-Cowboy-Hat-For-Men-Women-Western-Cowgirl-Hat-For-746921,2025-07-13
https://tsvweb.com/cp/tax-exemption-program/8480422,2025-07-13
https://tsvweb.com/Dorman-Instrument-Cluster-599-740050,2025-07-13
https://tsvweb.com/I-Tested-The-Ultimate-Vertical-Sword-Wall-Mount-Here-39-s-Why-897647,2025-07-13
https://tsvweb.com/Buy-Pharmaceutical-Refrigerator-Get-Price-For-Lab-Equipment-503382,2025-07-13
https://tsvweb.com/Leather-Hand-Braided-Headstall-For-Horse-Egypt-733231,2025-07-13
https://tsvweb.com/140-And-Handler-187-Parts-245924-1034417,2025-07-13
https://tsvweb.com/Gates-31413-Cooling-System-Tester-Adapter-636029,2025-07-13
https://tsvweb.com/3D-Pattern-Printed-Canvas-Crochet-Needlework-Crafts-Floor-DIY-325900,2025-07-13
https://tsvweb.com/Innsbruck-Beanie-29-00-Saint-Bernard-418558,2025-07-13
https://tsvweb.com/Folding-Bicycles-Rear-Shock-Air-Pressure-Rear-Shock-Absorbers-1032965,2025-07-13
https://tsvweb.com/Silt-Fence-2-39-X-100-39-With-36-quot-Wood-Stakes-1052880,2025-07-13
https://tsvweb.com/034-WHITE-RODGERS-EVAPORATOR-PAD-W-CLIPS-FOR-HDT2600-C-W-343310,2025-07-13
https://tsvweb.com/3ml-Plastic-Transfer-Pipettes-By-VCCGY-Disposable-Droppers-For-344308,2025-07-13
https://tsvweb.com/Brake-Caliper-Repair-Kit-P-N-789286,2025-07-13
https://tsvweb.com/PENN-PART-133-600-For-FATHOM-MASTER-1116542,2025-07-13
https://tsvweb.com/Ignition-Control-Module-8962135020-For-Toyota-4Runner-Camry-1156900,2025-07-13
https://tsvweb.com/reviews/product/376460,2025-07-13
https://tsvweb.com/Fiber-Brake-Cooling-Ducts-For-GR-GV-Subaru-Impreza-WRX-STi-790042,2025-07-13
https://tsvweb.com/Power-Supply-Bench-Power-Supply-Variable-Power-Supply-Adjustable-923278,2025-07-13
https://tsvweb.com/Hygger-WiFi-Automatic-Fish-Feeder-Intelligent-India-346442,2025-07-13
https://tsvweb.com/Digital-Gear-Indicator-Gear-Display-Indicator-For-Goldwing-1003263,2025-07-13
https://tsvweb.com/Kit-9500-Replacement-For-Whiteside-9500-Solid-Brass-Router-Inlay-887282,2025-07-13
https://tsvweb.com/2-Sided-Service-Dog-Identification-Hanging-Patch-Tag-With-865350,2025-07-13
https://tsvweb.com/Celestron-4-7-Omni-XLT-120-Equatorial-Refractor-With-Starbright-1058969,2025-07-13
https://tsvweb.com/Spear-Jackson-ELEMENTS3PS-Elements-3-teiliges-887232,2025-07-13
https://tsvweb.com/SKF-6119-SKF-Grease-Seal-6119-OD-0-881-In-1079671,2025-07-13
https://tsvweb.com/Buy-WWZMDiB-USB-To-RS485-RS232-Converter-The-Product-Can-Support-1125106,2025-07-13
https://tsvweb.com/For-Underfloor-Heating-System-1182062,2025-07-13
https://tsvweb.com/Block-Jewelry-Workbenches-Gunsmiths-Metal-Anvil-Square-Solid-318982,2025-07-13
https://tsvweb.com/Boys-And-Toddler-Boys-Chino-Shorts-384551,2025-07-13
https://tsvweb.com/8-22mm-Drag-Style-Bar-Handlebar-For-Honda-Kawasaki-Suzuki-Yamaha-284820,2025-07-13
https://tsvweb.com/Front-Lens-Cover-5-pk-MP-10-216326-Welder-Supply-451552,2025-07-13
https://tsvweb.com/Staples-Manila-File-Folders-3-Tab-Center-Position-Letter-100-Box-1054590,2025-07-13
https://tsvweb.com/Cactus-Sam-Houston-State-University-Baseball-Hat-SHSU-1157538,2025-07-13
https://tsvweb.com/New-4mm-16mm-Opal-Stone-Ear-Stretchers-Plugs-And-Tunnels-With-O-763852,2025-07-13
https://tsvweb.com/4-Pack-9-16-18-X-3-1-2-Long-Trailer-Leaf-Spring-Shackle-Bolts-W-766229,2025-07-13
https://tsvweb.com/GeekShare-Anti-Scratch-Switch-Dock-Cover-Skin-Soft-Silicone-1082378,2025-07-13
https://tsvweb.com/39-s-Clutches-Wallets-Evening-Bags-More-1156449,2025-07-13
https://tsvweb.com/Guitar-Fiesta-Red-Huber-Breese-Music-763867,2025-07-13
https://tsvweb.com/Beurer-Digital-Thermometer-At-Rs-189-Digital-Thermometer-In-1172986,2025-07-13
https://tsvweb.com/For-98-13-Yamaha-V-Star-XVS-650-950-1100-1300-in-988921,2025-07-13
https://tsvweb.com/reviews/product/1045132,2025-07-13
https://tsvweb.com/Ford-Racing-M-6392-E-Bellhousing-Pit-930637,2025-07-13
https://tsvweb.com/Tile-Leveling-Clips-3-16in-Box-X-2000-Wholesale-Distributor-264803,2025-07-13
https://tsvweb.com/MF-2-Wheel-Foldable-Shopping-Trolley-411451,2025-07-13
https://tsvweb.com/Stoppers-Solid-ASTM-Size-14-75mm-Bottom-90mm-T-Eisco-555709,2025-07-13
https://tsvweb.com/Tapcon-3-8-quot-X-5-quot-Large-Heavy-Duty-Hex-Head-Concrete-821664,2025-07-13
https://tsvweb.com/For-Coleman-CT100U-CC100X-786662,2025-07-13
https://tsvweb.com/reviews/product/902236,2025-07-13
https://tsvweb.com/To-1095ft-H13-True-HEPA-Air-Filter-Cleaner-Odor-Eliminator-943613,2025-07-13
https://tsvweb.com/Football-Equipment-Buy-Football-Gear-Net-World-Sports-553126,2025-07-13
https://tsvweb.com/Mount-Honeycomb-Grid-Umbrella-Softbox-Soft-Box-725623,2025-07-13
https://tsvweb.com/V-JS32-El-guitar-Matte-Army-Drab-El-guitar-493893,2025-07-13
https://tsvweb.com/And-Water-Cooler-300ml-265873,2025-07-13
https://tsvweb.com/reviews/product/409379,2025-07-13
https://tsvweb.com/Glass-Flower-Leaves-Tiles-For-Art-Craft-And-Home-Decorations-468860,2025-07-13
https://tsvweb.com/Shepherd-Dog-Waving-WiperTags-With-Decal-For-Rear-Vehicle-Wipers-1152960,2025-07-13
https://tsvweb.com/4Pcs-Set-Winter-Beanie-Hats-Scarf-Gloves-Set-Thick-Warm-Knit-631188,2025-07-13
https://tsvweb.com/Silicone-Ear-Stretching-Kit-Ultra-Thin-Morocco-766030,2025-07-12
https://tsvweb.com/Spiral-Dog-Tie-Out-Stakes-Spiral-Ground-Anchor-Stake-With-Dog-629819,2025-07-12
https://tsvweb.com/Case-Shaft-Seal-Compatible-With-2007-2023-GMC-536253,2025-07-12
https://tsvweb.com/Alarm-Clock-FM-Radio-USB-Charging-WORKS-751911,2025-07-12
https://tsvweb.com/Pastels-Set-Assorted-Colors-Set-Of-80-BLICK-Art-Materials-690670,2025-07-12
https://tsvweb.com/12-Scale-Dolls-House-Miniature-Clock-Dollhouse-Accessories-481331,2025-07-12
https://tsvweb.com/1-11-16-In-Length-610-834525,2025-07-12
https://tsvweb.com/LADEMAYH-2Pcs-Hypoallergenic-Stainless-Steel-Saddle-Guyana-796486,2025-07-12
https://tsvweb.com/Wicks-For-Puja-Pooja-Jyot-Batti-For-Oil-Martinique-1158082,2025-07-12
https://tsvweb.com/58mm-Thermal-Bluetooth-Printer-Android-POS-2-Inch-Receipt-Bill-1104282,2025-07-12
https://tsvweb.com/HTTMT-MT313-020B-NO-Logo-Engine-Stator-Cover-India-297708,2025-07-12
https://tsvweb.com/And-Barbell-Grips-Thick-Bar-Grip-Handles-For-Bodybuilding-899182,2025-07-12
https://tsvweb.com/Mount-For-Ford-F-150-2015-And-F-786609,2025-07-12
https://tsvweb.com/Select-89032-Short-Pin-Punch-Set-3-Piece-514872,2025-07-12
https://tsvweb.com/reviews/product/677477,2025-07-12
https://tsvweb.com/Dundas-Jafine-ProMax-4-White-Wide-Mouth-Exhaust-Cap-At-569418,2025-07-12
https://tsvweb.com/Figurines-Miniature-Cute-Animals-Landscape-Decoration-Glow-In-The-959313,2025-07-12
https://tsvweb.com/Watercolor-Journal-10x12-5-quot-350-Gsm-Large-Genuine-724702,2025-07-12
https://tsvweb.com/Pf9412c-Edgehill-Toilet-Tank-Only-White-1008340,2025-07-12
https://tsvweb.com/For-YAMAHA-YFZ450-YFZ-450-2006-2010-YFM-700-RD-735199,2025-07-12
https://tsvweb.com/Soft-Top-Foam-9ft-Surfboard-539367,2025-07-12
https://tsvweb.com/Multi-function-Bench-Back-Extension-Ab-Chair-Up-To-330-Lbs-555237,2025-07-12
https://tsvweb.com/Set-5Pkg-5Pkg-Seychelles-279931,2025-07-12
https://tsvweb.com/HK-ELX-Harness-4-3-Shadow-935518,2025-07-12
https://tsvweb.com/51SN-Transmission-Valve-Body-W-Solenoids-For-Nissan-Maxima-Volvo-814374,2025-07-12
https://tsvweb.com/DGOL-Leather-Craft-Slot-Punches-Kit-8-Sizes-South-Africa-675918,2025-07-12
https://tsvweb.com/Nakpunar-6-Pcs-1-5-Oz-Mini-Hexagon-Glass-Jars-With-447267,2025-07-12
https://tsvweb.com/Best-Ens-Otorcycle-Deni-Jackets-For-Style-And-Safety-On-The-Road-598888,2025-07-12
https://tsvweb.com/Hole-Punch-Leather-Craft-Tools-Diamond-677477,2025-07-12
https://tsvweb.com/White-Without-Wax-With-MEKP-Catalyst-624245,2025-07-12
https://tsvweb.com/Beach-Towel-With-Pockets-Ocean-Print-Beach-Chair-Cover-Chaise-376453,2025-07-12
https://tsvweb.com/reviews/product/466619,2025-07-12
https://tsvweb.com/Creaturewares-GCR-DOG-Pet-Food-Storage-Tin-The-Rabble-628478,2025-07-12
https://tsvweb.com/Front-Fender-Udguard-Udflap-Cover-Guard-For-Triuph-1067446,2025-07-12
https://tsvweb.com/Universal-Kayak-Paddle-Drip-Rings-Perfect-For-Kayak-And-666744,2025-07-12
https://tsvweb.com/reviews/product/400182,2025-07-12
https://tsvweb.com/6-X-1-quot-Drywall-Screw-330-PCS-Coarse-Thread-Wood-Screws-510906,2025-07-12
https://tsvweb.com/reviews/product/1090126,2025-07-12
https://tsvweb.com/Showman-Praying-Cowboy-Brown-Steel-Hoof-Pick-627034,2025-07-12
https://tsvweb.com/Shooting-Stick-Gun-Rest-Rifle-Shooting-Tripod-For-Hunting-743045,2025-07-12
https://tsvweb.com/Positions-Terminal-Bus-Bar-Terminal-Block-Brass-Wire-556172,2025-07-12
https://tsvweb.com/Polaris-300-2x4-4x4-1994-1995-Atv-Magneto-661953,2025-07-12
https://tsvweb.com/MixAir-Self-Sinking-Aeration-Hose-3-8-inch-300-feet-Walmart-959514,2025-07-12
https://tsvweb.com/Solid-Color-Vintage-Summer-Fashion-Pork-Pie-Hat-Beach-813407,2025-07-12
https://tsvweb.com/Square-Satin-Black-Aluminum-Baluster-Shoe-666653,2025-07-12
https://tsvweb.com/Injection-Pump-Gasket-5-7mm-Hatz-1D-643875,2025-07-12
https://tsvweb.com/Timing-Belt-HTD5M-750-755-760-765-775-780-785-886061,2025-07-12
https://tsvweb.com/4pcs-set-Diamond-Length-10mm-Dry-Vacuum-Brazed-Multi-Purpose-877916,2025-07-12
https://tsvweb.com/Latitude-D620-D630-D630C-D630N-D631-Precision-M2300-KD491-KD492-612186,2025-07-12
https://tsvweb.com/Doe-In-Rut-PeeFuser-Scent-Diffuser-601-Sports-984054,2025-07-12
https://tsvweb.com/Faithfull-No-5-Bench-Plane-In-Wooden-Box-321272,2025-07-12
https://tsvweb.com/30-Pre-Assembled-Disposable-WHITE-Frames-Western-Medical-1111548,2025-07-12
https://tsvweb.com/Fil-And-Slide-Scanner-2in-Screen-Digital-Negatives-420478,2025-07-12
https://tsvweb.com/Falafaso-Wireless-Remote-Compatible-For-Play3-Controller-Gamepad-1033419,2025-07-12
https://tsvweb.com/Mount-Plate-Kit-With-NP-FZ100-Dummy-456862,2025-07-12
https://tsvweb.com/Hand-rolling-Sausage-Tying-Knotting-Machine-Stainless-Steel-662767,2025-07-12
https://tsvweb.com/Claws-Ninja-Shuko-Hand-Claw-Ninja-Climbing-Claws-817835,2025-07-12
https://tsvweb.com/11-Gallon-Water-Trough-39-Long-Livestock-Feeding-Seychelles-329026,2025-07-12
https://tsvweb.com/Cotton-Food-Grade-Cheese-Cloth-36-quot-X72-662799,2025-07-12
https://tsvweb.com/Silk-Handkerchiefs-For-Men-For-Sale-707215,2025-07-12
https://tsvweb.com/OEM-Toyota-90913-02112-Seal-Valve-Stem-Oil-919330,2025-07-12
https://tsvweb.com/Leather-Coin-Pouch-Leather-Pull-Rope-Mini-Leather-Coin-708917,2025-07-12
https://tsvweb.com/Filter-Pad-US-Manufacturer-24-X-609019,2025-07-12
https://tsvweb.com/Whistling-Arrowhead-By-Jeremy-Boswell-Download-Free-STL-Model-779008,2025-07-12
https://tsvweb.com/Sinhopsa-Boat-Motor-Flusher-Easy-Hose-Connection-Outboard-Muff-666762,2025-07-12
https://tsvweb.com/7373-7386-2-En-1-7370-7380-5370-P83G-P87G-P91G-P83G001-P83G002-304081,2025-07-12
https://tsvweb.com/Baby-Doll-Clothes-22-Inch-Girl-Outifts-For-710578,2025-07-12
https://tsvweb.com/DH7-Rigid-Clamp-Tray-Optima-Trays-1059979,2025-07-12
https://tsvweb.com/LCD-Screen-16MP-Digital-Camera-Recorder-32GB-Vlogging-Camera-HD-873671,2025-07-12
https://tsvweb.com/Sticker-For-Your-Bike-Bike-Skull-Bicycle-666727,2025-07-12
https://tsvweb.com/Sandals-Wedge-Shoes-Comfortable-Orthopedic-Sandals-For-Women-720514,2025-07-12
https://tsvweb.com/4-Cutting-Diameter-Archery-Reusable-Mechanical-Broadhead-For-Bow-403088,2025-07-12
https://tsvweb.com/Sirius-5-Mock-Suppressor-For-AMT-C-AMT-S50-1187512,2025-07-12
https://tsvweb.com/LED-Lights-With-12-Colors-Strobe-Effect-Amazon-Freebies-743624,2025-07-12
https://tsvweb.com/Hood-Latch-Fit-For-Kenworth-T680-2013-2024-Hood-Latch-Replace-573310,2025-07-12
https://tsvweb.com/Hand-Pump-Double-Quick-Air-Pump-For-Inflatable-Hand-Held-Air-347898,2025-07-12
https://tsvweb.com/reviews/product/307714,2025-07-12
https://tsvweb.com/Dream-Lighting-12V-LED-Reading-Lights-Wall-Mount-USB-Port-Cool-378849,2025-07-12
https://tsvweb.com/Petzl-Spin-L1D-Pulley-Publiclands-789953,2025-07-12
https://tsvweb.com/Blend-Hooded-Scarf-Hat-For-Women-Balaclava-Knit-Skull-Cap-Beanie-810163,2025-07-12
https://tsvweb.com/Classic-Marlin-Matador-Rebel-80-88-Front-Strut-Rod-876432,2025-07-12
https://tsvweb.com/Swim-Float-With-Canopy-Solid-Pool-Infant-Swim-Trainer-420969,2025-07-12
https://tsvweb.com/Marker-Pool-Balls-Fixation-775543,2025-07-12
https://tsvweb.com/BD-Sharps-Disposal-By-Mail-Worry-Free-Sharps-569165,2025-07-12
https://tsvweb.com/Colter-Co-4-Pack-Paisley-Bandana-USA-Made-Classic-Pattern-494570,2025-07-12
https://tsvweb.com/UTV-Adapter-Polaris-Ranger-570-SP-2022-Iron-Balti-678461,2025-07-12
https://tsvweb.com/reviews/product/417304,2025-07-12
https://tsvweb.com/Farmhouse-Recipe-Card-Halloween-Recipe-Card-519814,2025-07-12
https://tsvweb.com/reviews/product/519243,2025-07-12
https://tsvweb.com/Straps-4282-710-9020-And-4282-710-9030-For-BR500-BR550-538218,2025-07-12
https://tsvweb.com/Italian-Starter-Charm-Bracelet-Starting-Italian-Charm-Bracelet-786149,2025-07-12
https://tsvweb.com/Food-Bowl-Elevated-Cat-Dishes-Set-Of-2-Ceramic-Tilted-615820,2025-07-12
https://tsvweb.com/Skid-Plate-Honda-TRX-420-500-FE-FM-2014-18-Solid-Axle-794386,2025-07-12
https://tsvweb.com/Coaster-Hub-Bearing-7-32-X-9-Lowrider-Beach-Cruiser-For-Bike-1042360,2025-07-12
https://tsvweb.com/Utility-Hook-Picture-Hanger-Grid-Panel-Notch-Disp-723311,2025-07-12
https://tsvweb.com/Guitar-Wall-Mount-With-2-Rotatable-Rubber-485549,2025-07-12
https://tsvweb.com/Bit-Set-External-Internal-Threading-934337,2025-07-12
https://tsvweb.com/reviews/product/897116,2025-07-12
https://tsvweb.com/reviews/product/1175608,2025-07-12
https://tsvweb.com/Ford-Black-Model-A-90A-12V-W-Pulley-For-5-8-Belt-1-Pack-958868,2025-07-12
https://tsvweb.com/XP-Arc-Flash-Construction-Harness-With-Dorsal-Re-1009471,2025-07-12
https://tsvweb.com/Cover-With-Travel-Organizer-5-Pack-Seychelles-1011452,2025-07-12
https://tsvweb.com/Fitness-Original-Wavemaster-Training-Bag-The-Treadmill-Factory-990927,2025-07-12
https://tsvweb.com/reviews/product/765782,2025-07-12
https://tsvweb.com/Smyth-OneTouch-Electric-3-in-1-Salad-Spinner-620389,2025-07-12
https://tsvweb.com/reviews/product/568834,2025-07-12
https://tsvweb.com/Fork-Leg-Covers-LED-Smoke-Light-For-Harley-366881,2025-07-12
https://tsvweb.com/Floor-Standing-Wire-Grid-Stand-With-40-Hooks-Commercial-Grid-601126,2025-07-12
https://tsvweb.com/In-X-55-In-Exterior-Real-Wood-Pine-Raised-Panel-Shutters-Pair-560057,2025-07-12
https://tsvweb.com/reviews/product/666376,2025-07-12
https://tsvweb.com/Sealants-At-Shop-With-Hughes-Supply-1075638,2025-07-12
https://tsvweb.com/Old-Oak-Barrel-Wood-Smoker-Chips-Made-From-Gen-314737,2025-07-12
https://tsvweb.com/Front-Fender-Liner-Engine-Under-Cover-Set-W-Clips-For-1055077,2025-07-12
https://tsvweb.com/Header-Audio-DB-Level-Header-Power-Amplifier-Level-Meter-With-1114097,2025-07-12
https://tsvweb.com/Step-Style-Floor-Sign-6-In-H-24-In-W-Vinyl-831924,2025-07-12
https://tsvweb.com/Inc-Compatible-Replacement-For-4933-99-06-Volkswagen-VW-Jetta-1055065,2025-07-12
https://tsvweb.com/Orbit-5-Pack-15-Total-Plugs-Arizona-Mist-10107L-Brass-Misting-866399,2025-07-12
https://tsvweb.com/To-M12-Board-CCTV-Lens-Adapter-Converter-Ring-For-AHD-827075,2025-07-12
https://tsvweb.com/Elbow-With-O-Ring-Flange-Tapered-1-2-NPT-Female-Inlet-Solid-269927,2025-07-12
https://tsvweb.com/Flap-Black-8905400001-For-Kawasaki-KX250F-415843,2025-07-12
https://tsvweb.com/2015-Elantra-2012-2016-6-Pin-Front-Left-Power-Window-Lift-Motor-720831,2025-07-12
https://tsvweb.com/For-Toyota-Sequoia-2001-2004-RAV4-1998-2000-465749,2025-07-12
https://tsvweb.com/Fit-Polaris-Sportsman-335-400-500-1076711,2025-07-12
https://tsvweb.com/Elongated-Rear-Outlet-Toilet-Dual-Flush-1-1-1-6-Gpf-In-Matte-472779,2025-07-12
https://tsvweb.com/Table-Toys-For-Toddlers-Kids-With-Water-759023,2025-07-12
https://tsvweb.com/reviews/product/667576,2025-07-12
https://tsvweb.com/Shop-Oxyacetylene-Flexible-Torch-Tips-643415,2025-07-12
https://tsvweb.com/reviews/product/1146208,2025-07-12
https://tsvweb.com/1998-1999-CR125R-12200-KZ4-J00-586291,2025-07-12
https://tsvweb.com/Baseball-Softball-Thumb-Guards-For-Shoc-Absorption-Blister-624807,2025-07-12
https://tsvweb.com/Ring-Cover-Trim-For-Jeep-Wrangler-JL-Gl-316539,2025-07-12
https://tsvweb.com/reviews/product/821669,2025-07-12
https://tsvweb.com/Gaskets-For-Subaru-279-35902-J3-5-Pack-At-Tractor-716121,2025-07-12
https://tsvweb.com/Original-Nissan-Versa-Note-2014-2015-2016-Env-o-Gratis-634263,2025-07-12
https://tsvweb.com/Flagship-For-Nespresso-Pod-Holder-Coffee-Pod-Storage-For-Vertuo-799300,2025-07-12
https://tsvweb.com/At-With-Grid-For-Dungeons-Role-Playing-Tabletop-674867,2025-07-12
https://tsvweb.com/HHC-Diesel-Oil-Rail-Rebuild-Kit-1-2-Drive-Impact-Socket-400439,2025-07-12
https://tsvweb.com/Acrylic-Internally-Threaded-Double-Flared-Saddle-Piercing-328248,2025-07-12
https://tsvweb.com/Sunco-6-Pack-Emergency-Light-Outdoor-LED-Backup-Burkina-1024278,2025-07-12
https://tsvweb.com/Shift-Lever-Boot-Cover-Fit-581705,2025-07-12
https://tsvweb.com/s-Mens-Men-s-Tracksuit-2-Piece-Hoodie-Sweatsuit-Sets-Jogging-1180747,2025-07-12
https://tsvweb.com/Merry-Christmas-Garage-Decoration-Magnet-Stickers-1124079,2025-07-12
https://tsvweb.com/Trac-2-Ply-160-637-BMI-Karts-And-Parts-487917,2025-07-12
https://tsvweb.com/reviews/product/1091299,2025-07-12
https://tsvweb.com/Of-America-American-Farmer-Super-I-603296,2025-07-12
https://tsvweb.com/Hestra-Toddler-Nordic-Mitt-Red-Off-White-619263,2025-07-12
https://tsvweb.com/reviews/product/571159,2025-07-12
https://tsvweb.com/Wood-Grain-Finish-Metal-Rolling-Ice-Chest-Cooler-Cart-With-1111842,2025-07-12
https://tsvweb.com/Satin-Pajamas-Lounge-Set-Silk-Like-Short-Sleeve-Top-And-Shorts-493756,2025-07-12
https://tsvweb.com/5-Pin-Archery-Bow-Sight-Adjustable-Right-Left-335969,2025-07-12
https://tsvweb.com/For-Kitten-Fun-Exercise-Interactive-String-Feather-Cat-Toys-For-605640,2025-07-12
https://tsvweb.com/Hardware-Soft-Close-For-Cabinet-Sierra-Leone-1130207,2025-07-12
https://tsvweb.com/2023-Men-s-Lite-Grey-Blue-Hi-Vis-Adult-Gear-Set-Pant-563744,2025-07-12
https://tsvweb.com/Pressure-Sensor-2018-Ka-Optma-94750-37100-2016-2017-694082,2025-07-12
https://tsvweb.com/Moulding-HD-618-9-16-X-5-1-4-X-1051215,2025-07-12
https://tsvweb.com/Whistles-With-Lanyards-For-Home-And-Sierra-Leone-610240,2025-07-12
https://tsvweb.com/Bobcat-Torsion-Bushing-6685060-Westerra-1021423,2025-07-12
https://tsvweb.com/Pack-Battery-And-AC-Wall-Charger-Replacement-For-GoPro-ADDBD-1073048,2025-07-12
https://tsvweb.com/Slip-Steps-Wooden-Stair-Runner-Martinique-777323,2025-07-12
https://tsvweb.com/reviews/product/526006,2025-07-12
https://tsvweb.com/reviews/product/750892,2025-07-12
https://tsvweb.com/Antenna-Tri-Mast-Supports-Page-1-Summit-Source-430575,2025-07-12
https://tsvweb.com/Suspension-Rebound-Damping-Shock-Absorbers-Modified-Fork-933019,2025-07-12
https://tsvweb.com/reviews/product/330521,2025-07-12
https://tsvweb.com/Grille-Front-Cover-Compatible-With-Jeep-1128626,2025-07-12
https://tsvweb.com/Lingerie-Lace-Dress-Underwear-Sleepwear-G-831628,2025-07-12
https://tsvweb.com/Skirt-Summery-Short-Princess-Party-1049843,2025-07-12
https://tsvweb.com/Chain-Clevis-Slip-Hook-1-2-9000-LBS-WLL-908335,2025-07-12
https://tsvweb.com/reviews/product/598437,2025-07-12
https://tsvweb.com/reviews/product/1167316,2025-07-12
https://tsvweb.com/RECOIL-PULL-START-STARTER-NEW-TAKE-522311,2025-07-12
https://tsvweb.com/reviews/product/499947,2025-07-12
https://tsvweb.com/reviews/product/900783,2025-07-12
https://tsvweb.com/reviews/product/1147685,2025-07-12
https://tsvweb.com/Engine-Valve-Lifter-Oil-Filter-12585328-Chevrolet-937277,2025-07-12
https://tsvweb.com/reviews/product/409547,2025-07-12
https://tsvweb.com/Universal-Chain-Saw-Sharpener-Tool-Kit-869596,2025-07-12
https://tsvweb.com/KFI-800-Green-Line-Pre-Filter-343053,2025-07-12
https://tsvweb.com/MIP-Brand-Wine-Glass-Goblet-Peace-Sign-20-Oz-717419,2025-07-12
https://tsvweb.com/Axle-Bearing-Kit-1011291-1014207-Axle-Oil-Seal-Kit-Replacement-905731,2025-07-12
https://tsvweb.com/Ug-Funny-Ug-Essage-Appears-As-It-Heats-Perfect-Novelty-Gag-726747,2025-07-12
https://tsvweb.com/Rack-Wall-Mounted-Heated-Towel-Rack-And-Dryer-With-10-Stainless-601921,2025-07-12
https://tsvweb.com/Personalized-Etched-Custom-Message-12oz-Glass-Coffee-Mug-Custom-715448,2025-07-12
https://tsvweb.com/985-114-Center-Punch-31-quot-Diameter-494403,2025-07-12
https://tsvweb.com/Volleyball-Shorts-On-Make-A-GIF-561820,2025-07-12
https://tsvweb.com/Infant-Boys-Ostrich-Print-Cowbabies-Boots-Boot-Barn-463432,2025-07-12
https://tsvweb.com/Mr-120-6-3-Step-Seal-Hydraulic-Cylinder-Packing-Rod-Seal-Ring-1116133,2025-07-12
https://tsvweb.com/Way-Wire-Flat-To-7-Way-RV-Blade-415377,2025-07-12
https://tsvweb.com/s-Or-Women-s-Beanies-Gr8-Hats-913303,2025-07-12
https://tsvweb.com/SPIRAL-DRILLS-75mm-4-3mm-Taps-Dies-Reamers-Milling-1179829,2025-07-12
https://tsvweb.com/Cestus-C-11-12-Pairs-Nitrile-Coated-Work-Gloves-Ubuy-1119810,2025-07-12
https://tsvweb.com/1998-1999-2000-New-High-Side-A-C-AC-Discharge-Hose-TCP-In-1016153,2025-07-12
https://tsvweb.com/Inch-Full-Hybrid-Mattress-Gel-Memory-Foam-Pocket-Coil-427704,2025-07-12
https://tsvweb.com/s-Rhinestone-Crystal-Wedding-Bridal-2-Leaf-Drop-Dangle-Chandelier-301791,2025-07-12
https://tsvweb.com/PJ-Salvage-Women-s-Loungewear-American-Dreams-Tank-800896,2025-07-12
https://tsvweb.com/Premier-Damper-Cap-13x18-Online-Togo-659719,2025-07-12
https://tsvweb.com/Step-Hand-Rails-For-Outdoor-Steps-Wrought-Iron-1167573,2025-07-12
https://tsvweb.com/Red-Medical-Alert-Bracelet-For-Women-Men-Emergency-First-Aid-1051186,2025-07-12
https://tsvweb.com/Industries-Nova-2000-Standard-Peel-Off-Lens-Nepal-Ubuy-1118999,2025-07-12
https://tsvweb.com/Garnier-Thiebaut-Bedside-Mats-Good-Morning-Good-Night-22x30-50-383808,2025-07-12
https://tsvweb.com/Day-Irish-Earrings-1-5-In-Dangle-Green-Chip-Silver-710898,2025-07-12
https://tsvweb.com/Case-Control-Module-68250124AD-For-Jeep-Grand-542380,2025-07-12
https://tsvweb.com/AED-A6000-Drive-Shaft-Center-Support-817595,2025-07-12
https://tsvweb.com/Panini-Absolute-25-NM-MT-NFL-Football-Bills-Yaxa-698434,2025-07-12
https://tsvweb.com/KS-TOOLS-Brake-Line-Straightening-bending-Tool-4-75-Mm-3-16-327105,2025-07-12
https://tsvweb.com/3-8-SINGLE-FLUTE-82-DEGREE-HIGH-SPEED-STEEL-1145024,2025-07-12
https://tsvweb.com/Taiwan-High-Mountain-Tea-Jin-Xuan-Milk-Oolong-Naturally-Milky-788399,2025-07-12
https://tsvweb.com/HONDA-OEM-DUST-COVER-17256-HR3-A20-998622,2025-07-12
https://tsvweb.com/Fern-Leaves-Embossing-Folders-For-Card-Making-270572,2025-07-12
https://tsvweb.com/Maureen-Bolt-On-6-quot-Tractor-Driver-Step-With-John-Deere-775262,2025-07-12
https://tsvweb.com/Blade-Set-For-Wood-Plastic-Metal-Ubuy-623967,2025-07-12
https://tsvweb.com/Axial-200012-XC-1-Body-Clear-AX24-Small-Addictions-RC-957668,2025-07-12
https://tsvweb.com/in1-Hunting-Parka-Powered-By-ScentBlocker-Realtree-Edge-2XL-863241,2025-07-12
https://tsvweb.com/Radiator-Fan-Shroud-Buy-Online-At-Best-Price-In-KSA-Souq-Is-866076,2025-07-12
https://tsvweb.com/Crawling-Knee-Pads-Organic-Cotton-Sand-733216,2025-07-12
https://tsvweb.com/Brace-Knee-Compression-Sleeve-Support-For-Men-And-1011319,2025-07-12
https://tsvweb.com/EERKEOD-Baby-Crib-Mobile-Ocean-Nursery-Mobile-For-Boys-Girls-489844,2025-07-12
https://tsvweb.com/Long-Sleeve-Cable-Knit-Sweater-Open-Front-Chunky-Cardigan-Coat-1028377,2025-07-12
https://tsvweb.com/Remote-Control-Replacement-For-Hunter-Malawi-635037,2025-07-12
https://tsvweb.com/FINDAUTO-741-578-Rear-Left-Driver-Side-Power-Window-687048,2025-07-12
https://tsvweb.com/3PCS-304-Stainless-Steel-Ingot-Butterfly-Wing-Bolt-Screws-M5-347293,2025-07-12
https://tsvweb.com/Head-Self-Drilling-Screw-410-Stainless-Steel-Pan-Head-Quick-345409,2025-07-12
https://tsvweb.com/Binder-3-D-Rings-49-Recycled-Red-ODP-Business-Solutions-779618,2025-07-12
https://tsvweb.com/BUMPER-WITH-D-RINGS-SPIKED-DESIGN-SCX6330FA-FOR-AXIAL-906885,2025-07-12
https://tsvweb.com/Ixer-For-Color-Shaker-Ixing-Supply-Tool-Agitator-Achine-653976,2025-07-12
https://tsvweb.com/Mending-Plate-Metal-Connector-931237,2025-07-12
https://tsvweb.com/50s-60s-Rockabilly-Style-Camp-Shirts-Button-Down-Vacation-857431,2025-07-12
https://tsvweb.com/Boys-Bundle-With-11-Nigeria-Ubuy-1105943,2025-07-12
https://tsvweb.com/Genie-Garage-Door-Opener-7155-3055-3053-2055-7055-1055-802299,2025-07-12
https://tsvweb.com/Distributor-Gear-For-Ford-351-Windsor-530-quot-Shaft-Diameter-658356,2025-07-12
https://tsvweb.com/Coil-Over-Struts-Shocks-Springs-Polaris-Sportsman-90-110-Outlaw-346336,2025-07-12
https://tsvweb.com/QZYL-50-Pieces-Seder-Plates-For-Passover-9-Inch-Disposable-680536,2025-07-12
https://tsvweb.com/Kettles-Party-Decoration-Supplies-St-Patrick-s-694235,2025-07-12
https://tsvweb.com/05-06-2007-Door-Mirror-Passenger-Side-Power-Glass-LX-EX-SE-339726,2025-07-12
https://tsvweb.com/Shock-Tower-Replacement-Of-7637-7530-Compatible-With-Traxxas-887939,2025-07-12
https://tsvweb.com/A-Little-Pinch-Nurses-St-Patrick-s-Sweatshirt-463225,2025-07-12
https://tsvweb.com/LOT-4-M6-X-20mm-Green-TC4-GR5-Titanium-Alloy-Allen-Hex-Screw-592462,2025-07-12
https://tsvweb.com/cp/auto-services/1087266,2025-07-12
https://tsvweb.com/5-2-Day-Programmable-70-Series-Thermostat-1F78-151-Pack-Of-557652,2025-07-12
https://tsvweb.com/Low-Frequency-Generator-Dc12-15v-Triangular-Rectangular-Sine-652851,2025-07-12
https://tsvweb.com/Amigurumi-Plastic-Doll-Eyes-Crochet-Eyes-DIY-Of-Puppet-Bear-691487,2025-07-12
https://tsvweb.com/Fuel-Tank-Bottle-For-Dodge-Charger-Challenger-And-Chrysler-760104,2025-07-12
https://tsvweb.com/Marseillaise-Rubber-Weight-Belt-For-Scuba-Divers-523198,2025-07-12
https://tsvweb.com/SSD-48P-Overdrive-Portal-Gears-Set-For-Axial-UTB18-SSD00564-302692,2025-07-12
https://tsvweb.com/Chamois-Butt-R-Anti-Chafe-Cream-Bundle-8-Oz-Tubes-For-1119984,2025-07-12
https://tsvweb.com/Women-s-Hike-Light-Cushion-Crew-Socks-956736,2025-07-12
https://tsvweb.com/reviews/product/341262,2025-07-12
https://tsvweb.com/Landing-Gear-Set-UMX-Aero-Commander-E-flite-Pris-1147685,2025-07-12
https://tsvweb.com/To-You-Today-8-3-4-quot-X-2-1-4-quot-Vinyl-Die-Cut-Decal-503756,2025-07-12
https://tsvweb.com/Her-Spur-Boot-Lightweight-Hiking-Sock-H-N-Williams-965613,2025-07-12
https://tsvweb.com/Car-Refrigerator-SECOP-Powered-Fridge-Freezer-For-Camping-And-280229,2025-07-12
https://tsvweb.com/DreamLine-SlimLine-48-In-x-36-In-Double-Threshold-Shower-Pan-361114,2025-07-12
https://tsvweb.com/Exercise-Equipment-And-Floor-Protective-Flooring-Under-1016570,2025-07-12
https://tsvweb.com/reviews/product/452227,2025-07-12
https://tsvweb.com/Extra-Pocket-6x9-Qty-100-Bags-By-BioRx-1178437,2025-07-12
https://tsvweb.com/Espree-Flea-Tick-Shampoo-For-Dogs-And-Cats-Cleans-And-948442,2025-07-12
https://tsvweb.com/Nonabrasive-Floor-Marking-Tape-100-Length-2-Width-Red-Pack-1183578,2025-07-12
https://tsvweb.com/Glass-Holder-Kea-Bathroom-Storage-809717,2025-07-12
https://tsvweb.com/Battery-Distribution-Cluster-For-Single-Engine-With-Two-Battery-623774,2025-07-12
https://tsvweb.com/6-Digial-Readout-DRO-With-Remote-LCD-973792,2025-07-12
https://tsvweb.com/Welding-Magnets-2-Pieces-Of-Magnetic-Welding-Holder-55-LBS-829135,2025-07-12
https://tsvweb.com/Laboratory-Glassware-Laboy-Glass-673554,2025-07-12
https://tsvweb.com/MOPISVN-Handmade-Rhinestones-Applique-Glass-Stones-786404,2025-07-12
https://tsvweb.com/Grille-ACC-Frame-Cover-For-Audi-Q7-2017-661584,2025-07-12
https://tsvweb.com/Double-End-Size-31-32-Harmony-1023587,2025-07-12
https://tsvweb.com/Core-Round-Shape-Padel-Racket-Trinidad-And-585077,2025-07-12
https://tsvweb.com/Afternoon-Tea-Party-Decorations-Truly-Scrumptious-Disposable-494525,2025-07-12
https://tsvweb.com/Handall-Hybrid-S-W-M-P-9MM-40S-W-357SIG-Grip-Sleeve-Black-458829,2025-07-12
https://tsvweb.com/2-Pack-Portable-Travel-Clothesline-With-12-Clips-Windproof-731594,2025-07-12
https://tsvweb.com/5-Pin-Remote-Replacement-With-USB-Barbados-432111,2025-07-12
https://tsvweb.com/Woodland-Floral-3-Pack-Fitted-Playard-Sheets-In-Pink-789747,2025-07-12
https://tsvweb.com/VekAuto-Hydraulic-Brake-Hose-Line-Pipeline-220cm-86-338921,2025-07-12
https://tsvweb.com/24V-Natural-To-LP-Gas-Valve-Conversion-Kit-797073,2025-07-12
https://tsvweb.com/Seats-Solo-Seat-With-Driver-1161731,2025-07-12
https://tsvweb.com/5-4-MM-2126-HSS-BPD-RL-Brad-Point-Bits-563497,2025-07-12
https://tsvweb.com/WD-CD-Tennis-Racquet-Grips-6-Pack-Badminton-Racket-Grip-Anti-476976,2025-07-12
https://tsvweb.com/Dual-User-2x90-Memories-Digital-Blood-Pressure-Cuff-With-4-AAA-508299,2025-07-12
https://tsvweb.com/Oz-Disposable-Plastic-Soup-Bowl-Plates-Extremely-Strong-870359,2025-07-12
https://tsvweb.com/x2-Corn-Hole-Toss-Tournament-And-Lightweight-Options-938069,2025-07-12
https://tsvweb.com/12-Pack-Bulk-Basket-Brown-Round-7-5-quot-Bamboo-Basket-689258,2025-07-12
https://tsvweb.com/Six-One-Team-Tennis-Racquet-95-Sq-In-4-1-4-L4-Grip-Size-C15-1104551,2025-07-12
https://tsvweb.com/Remote-Key-Fob-Fobik-Compatible-For-Dodge-Ram-1500-2013-511038,2025-07-12
https://tsvweb.com/0-965inch-T-Mount-Astronomical-Telescope-Eyepiece-For-273988,2025-07-12
https://tsvweb.com/Kayak-Fishing-Skateboard-POV-VLOG-For-IPhone-Samsung-For-GoPro-274581,2025-07-12
https://tsvweb.com/Desk-And-Chair-Set-For-5-12-Year-Old-Childrens-Drawing-Desk-619210,2025-07-12
https://tsvweb.com/Duty-Saddle-Rack-Wall-Mounted-Barbados-Ubuy-665379,2025-07-12
https://tsvweb.com/Rational-20-02-550P-Door-Gasket-For-ICombi-6-Half-Size-Classic-1117100,2025-07-12
https://tsvweb.com/Acoustic-Guitar-Solid-East-Indian-Rosewood-Sitka-Spruce-Mahogany-886515,2025-07-12
https://tsvweb.com/Electric-Double-Neck-Guitar-Two-Hole-black-W-Free-Bag-886243,2025-07-12
https://tsvweb.com/Tough-Lucky-Lady-Lightweight-Lifestyle-No-Show-Socks-997950,2025-07-12
https://tsvweb.com/Tusk-Dirt-Bike-Billet-Aluminum-Case-Saver-450882,2025-07-12
https://tsvweb.com/Boxing-Sport-Set-Boxing-Gloves-Punching-Bag-And-Boxing-Bag-317550,2025-07-12
https://tsvweb.com/Award-Metal-Sign-17-X-16-North-Bay-Listings-435923,2025-07-12
https://tsvweb.com/reviews/product/1108451,2025-07-12
https://tsvweb.com/Piece-Sweater-Sets-Short-Sleeve-Pullover-Tops-842955,2025-07-12
https://tsvweb.com/11-1-48-SE5a-Maj-Keith-Logan-Caldwell-RAF-No-74-Sqn-Clairmarais-473081,2025-07-12
https://tsvweb.com/Marine-Wire-50-Ft-14-Gauge-AWG-Electrical-Boat-Wiring-726408,2025-07-12
https://tsvweb.com/Armrest-Lid-Latch-Plate-For-Chevy-Silverado1500-2014-2018-For-695185,2025-07-12
https://tsvweb.com/X-11-Paper-MultiPurpose-20-Lb-3-Ream-Case-1500-Sheets-1075516,2025-07-12
https://tsvweb.com/V32-Swivel-Staple-Safety-Hasp-3-14-Galvanized-Carded-589023,2025-07-12
https://tsvweb.com/Head-Door-Knocker-Blacksmth-Forged-Door-862400,2025-07-12
https://tsvweb.com/11-8-X-11-8-Inch-Large-Kiss-Lips-812551,2025-07-12
https://tsvweb.com/Tracks-With-4-72-6-69-12-17cm-Hole-Spacing-Buy-Online-At-Best-835408,2025-07-12
https://tsvweb.com/Bracket-Fits-2019-2025-Dodge-Ram-Trucks-New-Body-w-6-Lug-813317,2025-07-12
https://tsvweb.com/White-Color-Kitchen-Washbasin-Sink-Plungers-Co2-Cylinders-2box-634124,2025-07-12
https://tsvweb.com/Gloves-For-Children-MMA-Martial-Arts-Gloves-Boxing-403108,2025-07-12
https://tsvweb.com/14g-18g-Fishing-Lure-Bait-Spinner-Jig-Wobbler-683649,2025-07-12
https://tsvweb.com/Inch-Kitchen-Table-With-Two-Benches-Breakfast-Table-With-Metal-708960,2025-07-12
https://tsvweb.com/Arm-Hammer-For-Dogs-Super-Deodorizing-Spray-For-Dogs-Best-465398,2025-07-12
https://tsvweb.com/Darn-Tough-Ray-Day-Micro-Crew-Lightweight-With-Chion-Sock-1001320,2025-07-12
https://tsvweb.com/reviews/product/808108,2025-07-12
https://tsvweb.com/reviews/product/525668,2025-07-12
https://tsvweb.com/reviews/product/404398,2025-07-12
https://tsvweb.com/Aquascape-UltraKlear-UV-Sterilizer-Gasket-Kit-Fits-14W-28W-55W-937690,2025-07-12
https://tsvweb.com/Bucket-Compatible-With-2001-2011-Hyundai-Accent-Compatible-With-943182,2025-07-12
https://tsvweb.com/KUAFU-ATV-Seat-Replaceent-Copatible-With-2005-656672,2025-07-12
https://tsvweb.com/Streamer-Leader-Fly-Fish-Food-760620,2025-07-12
https://tsvweb.com/Steel-1-2-Hose-Barb-Tee-3-Way-T-Shaped-Co2-Splitter-1116703,2025-07-12
https://tsvweb.com/Thermal-Wool-Socks-5-Pairs-Thick-Warm-1108451,2025-07-12
https://tsvweb.com/Hemp-Rope-Bows-For-Wreaths-Rustic-Farmhouse-607670,2025-07-12
https://tsvweb.com/Disc-Brake-Set-Front-Rear-With-180mm-Rotors-836091,2025-07-12
https://tsvweb.com/Shock-Gas-Strut-Shock-Spring-Chevrolet-Camaro-2010-2011-481647,2025-07-12
https://tsvweb.com/Kids-Boys-Solid-Spring-Summer-Toddler-Girl-Summer-Clothes-Shorts-850309,2025-07-12
https://tsvweb.com/Plug-Neutral-Ground-Bonding-Plug-For-383112,2025-07-12
https://tsvweb.com/Printed-Footballs-Uniquely-High-Performance-1059275,2025-07-12
https://tsvweb.com/reviews/product/924476,2025-07-12
https://tsvweb.com/For-Chevrolet-Aveo-Cruze-Sonic-Trax-Pontiac-G3-Vauxhall-Opel-370406,2025-07-12
https://tsvweb.com/RC4580DR-SOP-8-RC4580-R4580-Dual-Audo-Operatonal-Amplfer-C-626296,2025-07-12
https://tsvweb.com/5-1-2-Coin-And-Small-Parts-Envelope-With-Gummed-Flap-For-Home-Or-746672,2025-07-12
https://tsvweb.com/Battery-Pack-4800mWh-X-2-Xbox-Rechargeable-Battery-Packs-Xbox-1098518,2025-07-12
https://tsvweb.com/UAE-Whole-House-Water-Filter-UAE-1146208,2025-07-12
https://tsvweb.com/reviews/product/753447,2025-07-12
https://tsvweb.com/ClosetMaid-5629-Support-For-SuperSlide-Hanging-Bar-White-10-Pack-1061755,2025-07-12
https://tsvweb.com/set-Hubcaps-For-2013-2018-Nissan-Altima-Sedan-Wheel-Rim-Cover-1081182,2025-07-12
https://tsvweb.com/For-Polaris-Sportsman-700-800-850-XP-850-901843,2025-07-12
https://tsvweb.com/Native-American-Style-Hoop-Drum-15-Com-999815,2025-07-12
https://tsvweb.com/Soil-Sapler-Probe-Soil-Probe-304-Stainless-Steel-T-680990,2025-07-12
https://tsvweb.com/Videos-SWLZ8O7-Everyday-ReGarita-Crew-Sock-991859,2025-07-12
https://tsvweb.com/Risers-Handlebar-Risers-Sportster-450759,2025-07-12
https://tsvweb.com/Filter-Filter-Set-Compatible-With-Bissell-PowerForce-Helix-608769,2025-07-12
https://tsvweb.com/Boots-Dog-Suspender-Boots-Dog-Shoes-Leggings-Adjustable-317808,2025-07-12
https://tsvweb.com/Gal-30L-15L-X-2-Tanks-Slushie-Machine-Frozen-1090993,2025-07-12
https://tsvweb.com/Pole-Accessorie-3-Flying-Discs-1-Agility-Tunnel-2-Jumps-318027,2025-07-12
https://tsvweb.com/RC-CN-10pcs-Link-Rod-End-Joint-Aluminum-M3-Metal-Ball-End-Head-908990,2025-07-12
https://tsvweb.com/1-25-Inch-5x4-75-To-5x4-75-Hubcentric-Wheel-Spacers-With-Lip-679220,2025-07-12
https://tsvweb.com/Tube-Satz-F-r-Kinderwagenr-der-Teile-Phil-teds-537118,2025-07-12
https://tsvweb.com/Rosamonte-Yerba-Mate-Tea-Suave-Seleccion-Especial-500-G-Gift-379188,2025-07-12
https://tsvweb.com/Z3-Pressure-Reducing-Valve-Tools-Hardwares-561974,2025-07-12
https://tsvweb.com/reviews/product/498629,2025-07-12
https://tsvweb.com/Drive-Lock-Hub-Nut-Twin-UK-900287,2025-07-12
https://tsvweb.com/Rebuild-Kit-For-S-S-E-G-Carburetors-1161737,2025-07-12
https://tsvweb.com/Metallic-Flared-Pleated-A-Line-Mini-Dance-488701,2025-07-12
https://tsvweb.com/reviews/product/1161565,2025-07-12
https://tsvweb.com/reviews/product/630008,2025-07-12
https://tsvweb.com/Ball-Trainer-Baseboard-With-Long-Rope-Perf-359393,2025-07-12
https://tsvweb.com/Cooling-Fans-Kits-For-Hummer-H3-For-Sale-307310,2025-07-12
https://tsvweb.com/Sparkling-Multi-Chain-Diamond-Necklace-For-Women-Malta-644922,2025-07-12
https://tsvweb.com/12V-DC-25RPM-Gear-UK-Ubuy-400091,2025-07-12
https://tsvweb.com/Harrogate-English-Breakfast-Tea-Rich-And-Robust-Flavor-Bold-And-380666,2025-07-12
https://tsvweb.com/Trimmer-Head-Replacement-Compatible-With-Pivotrim-55491-M10x1-467117,2025-07-12
https://tsvweb.com/Harley-Touring-Models-Custom-Design-Get-540595,2025-07-12
https://tsvweb.com/Mist-Nozzle-Spray-Adjustable-Water-Mist-Spray-Nozzle-Garden-756637,2025-07-12
https://tsvweb.com/Dog-Collar-For-3-Dogs-3300ft-Dog-Training-Collar-Vibration-Beep-958543,2025-07-12
https://tsvweb.com/The-Original-3x3-Colour-Matching-Puzzle-Classic-1089595,2025-07-12
https://tsvweb.com/For-1987-1989-GMC-R2500-4-3L-5-0L-5-7L-722360,2025-07-12
https://tsvweb.com/reviews/product/997612,2025-07-12
https://tsvweb.com/MASTER-EXHAUST-VALVES-32MM-1167474,2025-07-12
https://tsvweb.com/Replacement-Bit-Rapid-Grind-Franklin-Art-Glass-484777,2025-07-12
https://tsvweb.com/151122-Pentek-Filter-Housing-Original-OEM-O-Ring-Buna-For-Big-507985,2025-07-12
https://tsvweb.com/Gotland-3-Piece-Outdoor-Metal-Swivel-Rocking-Chair-Patio-694846,2025-07-12
https://tsvweb.com/VTurboWay-2-Pcs-5-1-2-Louvered-Flush-Plastic-Thru-Vent-For-791600,2025-07-12
https://tsvweb.com/Kollea-Whiskey-Decanter-Sets-For-Men-1009414,2025-07-12
https://tsvweb.com/Refractometer-Pet-Urine-Specific-Gravity-Refractometer-982777,2025-07-12
https://tsvweb.com/For-Home-Gym-Weight-Bench-With-Wheels-Moving-Adjustable-Arm-1001951,2025-07-12
https://tsvweb.com/Linjinx-Women-Praise-Dance-Dress-Metallic-Irregular-Tunic-Dress-958155,2025-07-12
https://tsvweb.com/Rain-Cover-For-Baby-Trend-Expedition-Double-Jogger-978196,2025-07-11
https://tsvweb.com/Step-And-Go-Toilet-And-Bath-Stool-714412,2025-07-11
https://tsvweb.com/reviews/product/294698,2025-07-11
https://tsvweb.com/Sensor-Intake-Adapter-BLUE-Filter-For-92-03-Montero-Sport-404398,2025-07-11
https://tsvweb.com/reviews/product/779795,2025-07-11
https://tsvweb.com/SWEETAPRIL-No-Soliciting-Yard-Sign-12-X-8-Aluminum-With-Stake-604798,2025-07-11
https://tsvweb.com/Player-Telecaster-Guitar-Rosewood-Fingerboard-Arctic-White-With-504007,2025-07-11
https://tsvweb.com/reviews/product/363345,2025-07-11
https://tsvweb.com/reviews/product/337869,2025-07-11
https://tsvweb.com/YUKON-GEAR-AXLE-YGDM275331-Yukon-High-Performance-Replacement-551763,2025-07-11
https://tsvweb.com/TL1838-VS1838B-IR-Receiver-Remote-Control-979454,2025-07-11
https://tsvweb.com/Net-Set-With-4-Paddles-Driveway-688206,2025-07-11
https://tsvweb.com/8-22-6L9-RC-CA-P-404683,2025-07-11
https://tsvweb.com/502-Radius-Laminate-Trim-Router-Bit-Woodworking-And-Hardware-590427,2025-07-11
https://tsvweb.com/Hackees-Mini-Lacrosse-Goal-Hackees-Lacrosse-610048,2025-07-11
https://tsvweb.com/Grooving-Hammer-120mm-Head-Length-923987,2025-07-11
https://tsvweb.com/Portable-Bluetooth-PA-System-With-Wireless-795635,2025-07-11
https://tsvweb.com/Plastic-STF9-Embossing-Folders-For-Card-Making-Scrapbooking-851426,2025-07-11
https://tsvweb.com/Thermostatic-Water-Bath-3L-Capacity-India-826557,2025-07-11
https://tsvweb.com/Ilsco-PBTD-4-3-0-M-F-Multi-Tap-Connector-Aluminum-3-0-6-AWG-1134024,2025-07-11
https://tsvweb.com/Right-Catalytic-Converter-Direct-Fit-Replacement-For-Infiniti-Q50-343680,2025-07-11
https://tsvweb.com/House-Insulated-Dog-Kennel-6-Sides-All-725396,2025-07-11
https://tsvweb.com/Dimensional-Collage-Framed-Graphic-Art-Under-Glass-Wall-Art-310766,2025-07-11
https://tsvweb.com/S23-Ultra-MAIN-UB-Flex-Ribbon-Connector-Cable-SM-S918U-CTC-S918-978270,2025-07-11
https://tsvweb.com/Dance-Dress-Sleeveless-Metallic-Shiny-Sequin-Tunics-Praise-958539,2025-07-11
https://tsvweb.com/131-2347-Engine-Water-Pump-Assembly-517157,2025-07-11
https://tsvweb.com/8-Gallon-Type-E-DVC-3-Pk-Part-Number-413109-For-Shop-Vac-1044453,2025-07-11
https://tsvweb.com/Plastic-Kit-For-Yamaha-YZ-250F-2024-2025-YZ-450F-2023-2025-1041604,2025-07-11
https://tsvweb.com/Takstar-Pc-k850-Recording-Microphone-34mm-Large-Gold-Plated-546458,2025-07-11
https://tsvweb.com/Massage-Neck-Hump-3-in-1-Cervical-339539,2025-07-11
https://tsvweb.com/Mount-KVM-Switch-8-Port-KVM-Switch-VGA-W-Cables-727137,2025-07-11
https://tsvweb.com/W-X120-L-100-Cotton-405608,2025-07-11
https://tsvweb.com/Cutler-Hammer-TRL07-Relay-Universal-Timing-Relay-Spdt-988830,2025-07-11
https://tsvweb.com/099-2008-000-Fender-Stratocaster-Soft-Touch-Knobs-Aged-White-577902,2025-07-11
https://tsvweb.com/Canvas-Shoes-Fits-18-Inch-Doll-Shoes-Seaside-Blue-Canvas-Shoes-343759,2025-07-11
https://tsvweb.com/Key-Set-4-Keys-CAT-John-Deere-Komatsu-Keyman-Heavy-470224,2025-07-11
https://tsvweb.com/Amonsee-Solar-Panel-Fan-12V-100W-Solar-Exhaust-Fan-For-Household-625378,2025-07-11
https://tsvweb.com/reviews/product/1183234,2025-07-11
https://tsvweb.com/Icon-Logo-Officially-Licensed-House-Flags-Designed-Sold-By-490115,2025-07-11
https://tsvweb.com/Key-Rollers-Clarinet-Springs-Adjusting-763969,2025-07-11
https://tsvweb.com/Catrina-Mix-By-Cerames-30-Decorative-Mexican-INDIA-644058,2025-07-11
https://tsvweb.com/s-Thermal-Underwear-Bottom-Ultra-Soft-Winter-Warm-Base-1039432,2025-07-11
https://tsvweb.com/Cards-Premium-Exo-Tec-Material-Card-Holder-Storage-Box-1118213,2025-07-11
https://tsvweb.com/reviews/product/714941,2025-07-11
https://tsvweb.com/MARQUE-Single-Speed-Bike-Chain-Bicycle-Chain-For-Fixed-Gear-1009899,2025-07-11
https://tsvweb.com/Weight-Distribution-System-W-Sway-Control-No-782219,2025-07-11
https://tsvweb.com/Lion-Brand-Mandala-Baby-Yarn-Neverland-1090014,2025-07-11
https://tsvweb.com/HOLIDAY-MEGA-BOX-FACTORY-For-Sale-Online-432933,2025-07-11
https://tsvweb.com/And-Spoons-Set-Includes-5-Stainless-Steel-Nesting-Measuring-Cups-612322,2025-07-11
https://tsvweb.com/With-Storage-Shelf-Organizer-Foot-Rest-Shaving-Stool-With-Non-1059674,2025-07-11
https://tsvweb.com/Set-Of-2-Pinch-Pleated-Dark-Grey-Pillow-Shams-King-Size-20x36-701362,2025-07-11
https://tsvweb.com/3-Pieces-Double-Jiggers-ap-3-Pieces-Stainless-Steel-Ixing-Spoons-509361,2025-07-11
https://tsvweb.com/Stator-Coil-Replaceent-For-Yaaha-Grizzly-550-517241,2025-07-11
https://tsvweb.com/reviews/product/851554,2025-07-11
https://tsvweb.com/Weight-Stabilizer-LP-Disc-Stabilizer-Vinyl-Turntable-459421,2025-07-11
https://tsvweb.com/Wheel-Speed-Sensor-Compatible-With-Mazda-Model-CX-5-CX5-999984,2025-07-11
https://tsvweb.com/Birds-Rolled-Personalized-Return-Address-Mailing-Labels-With-806185,2025-07-11
https://tsvweb.com/reviews/product/1171437,2025-07-11
https://tsvweb.com/ROUND-INDICATOR-LIGHT-RED-LENS-STAINLESS-BEZEL-25-CYL-LENS-1128278,2025-07-11
https://tsvweb.com/Duty-Basketball-Net-All-Weather-Anti-Whip-12-Loops-899360,2025-07-11
https://tsvweb.com/Covers-Nursing-Pillow-Slipcovers-For-Breastfeeding-Moms-Ultra-902035,2025-07-11
https://tsvweb.com/8-Bridle-Color-Brown-Size-Malawi-623603,2025-07-11
https://tsvweb.com/4PC-LOT-FLEXIBLE-ACRYLIC-SEPTUM-PINCHER-RINGS-1140759,2025-07-11
https://tsvweb.com/Rear-License-Plate-Screws-Compatible-With-Audi-Q5-1092298,2025-07-11
https://tsvweb.com/400W-Wireless-Remote-Control-Fog-Machine-Perfect-For-Event-Light-274451,2025-07-11
https://tsvweb.com/Screws-20-Pack-Flat-Tip-625141,2025-07-11
https://tsvweb.com/Steering-Wheel-With-2-Dish-And-Horn-Button-Dark-Grey-394828,2025-07-11
https://tsvweb.com/5-Inch-Caster-Wheels-Set-Of-4-3000Lbs-Capacity-Silent-410400,2025-07-11
https://tsvweb.com/1ml-25-Gauge-5-8-Inch-For-Scientific-Labs-Industrial-1171653,2025-07-11
https://tsvweb.com/Underwear-Woen-Cute-Bee-Breathable-Ladies-Hipster-Panties-Baboo-518680,2025-07-11
https://tsvweb.com/Kemimoto-X-3-Center-Storage-Bag-Shoulder-Between-Seats-Console-868292,2025-07-11
https://tsvweb.com/Bumper-Lip-For-2021-2024-BMW-G80-M3-574447,2025-07-11
https://tsvweb.com/Ballet-Lyrical-Dance-Costume-Long-Sleeve-Figure-Ice-Skating-1087063,2025-07-11
https://tsvweb.com/Multi-Console-Platform-HD-Or-Component-A-V-Cable-Cord-XBOX-360-832030,2025-07-11
https://tsvweb.com/reviews/product/1168433,2025-07-11
https://tsvweb.com/Manley-Race-Series-Chevrolet-426-Hemi-Intake-Valve-796414,2025-07-11
https://tsvweb.com/Rattan-Footstool-With-Cushions-Bed-Bath-469787,2025-07-11
https://tsvweb.com/Girl-Shoes-Infant-Toddler-Walking-Shoes-Soft-Sole-Princess-1115664,2025-07-11
https://tsvweb.com/Wallet-Combo-Custom-Name-PU-Leather-Passport-Vaccine-Card-438062,2025-07-11
https://tsvweb.com/WMF-240-Ml-Barista-Sugar-Dispenser-Silver-705683,2025-07-11